report_date,suspected_global,confirmed_global,total_global,suspected_deaths_global,confirmed_deaths_global,recovered_global,primary_source,source_timestamp
2026-05-15,246,8,254,80,1,0,BNO / WHO DON / DRC MoH declaration,2026-05-15
2026-05-16,336,13,349,87,1,0,BNO News (May 16) / Africa CDC,2026-05-16
2026-05-17,336,13,349,87,1,0,BNO News (May 17) / WHO PHEIC declaration,2026-05-17
2026-05-18,528,33,561,132,1,0,WHO AFRO Weekly Sitrep 01 (as of 18 May) + BNO News for confirmed,2026-05-18
2026-05-19,528,33,561,132,1,0,WHO Sitrep 01 figures carried forward (no-dip rule); May 19 Wikipedia summary reported 516/33/131,2026-05-19
2026-05-20,600,51,651,139,1,0,BNO News (May 20) / WHO Director-General briefing,2026-05-20
2026-05-21,746,85,831,176,1,0,"WHO DON603 (data as of 21 May, pub. 22 May)",2026-05-21
2026-05-22,746,85,831,176,1,0,WHO DON603 figures carried forward (no-dip rule); May 22 CDC Situation Summary reported 744/83/176,2026-05-22
2026-05-23,750,88,838,177,1,0,"WHO Tedros briefing (May 22, via CIDRAP/ABC) + Uganda MoH (May 23); DRC confirmed carried forward from revised May 22 (no-dip cascade); briefing-source globals: 750/87/837",2026-05-23
2026-05-24,906,112,1018,223,11,0,"WHO AFRO Weekly External Situation Report 02 (data as of 24 May 2026, published 27 May 2026): DRC 906 sus / 223 sus deaths (CFR 24.6%) / 105 conf / 10 conf deaths (CFR 9.5%); Uganda – / – / 7 conf / 1 conf death (CFR 14.3%). Total cases 1,018; total suspected deaths 223; total confirmed deaths 11. Supersedes prior May 24 row sourced to DRC govt Sunday figures + 25 May Tedros virtual ministerial briefing (904/106/1010/220). All revisions upward (sus +0.22%, conf +5.66%, total +0.79%, sus_deaths +1.36%). https://www.afro.who.int/countries/democratic-republic-of-congo/publication/ebola-bundibugyo-virus-disease-outbreak-0",2026-05-24
2026-05-25,906,112,1018,223,11,0,CDC Situation Summary (last updated 25 May 2026): DRC 906 sus / 105 conf / 223 sus deaths / 10 conf deaths; Uganda 7 conf / 1 death — corroborates BNO News @BNOFeed Daily Ebola Update (May 25 Situation Report) and Uganda MoH (May 25 press release: +2 Kampala health workers); supersedes WHO DG Tedros 25 May briefing figures (904/101/220) under upward-revision rule,2026-05-25
2026-05-26,906,112,1018,223,11,0,"REVISED 30 May per WHO DON605 (https://www.who.int/emergencies/disease-outbreak-news/item/2026-DON605, publ. 29 May): WHO-reconciled DRC figures as of 27 May are 906 sus / 223 sus_deaths, superseding the prior 1,077 sus / 246 sus_deaths sourced to DRC MoH 27 May situation report via Xinhua. DRC confirmed carried forward from WHO Sitrep 02 (105 DRC + 7 Uganda = 112), no fresher WHO confirmed cutoff for 26 May. No-dip rule two-source threshold met by WHO DON605 + WHO DG Tedros remarks (per [PBS via AP, 30 May](https://www.pbs.org/newshour/world/who-chief-visits-congo-ebola-epicenter-as-cases-outpace-response) and [NBC via AP, 30 May](https://www.nbcnews.com/world/africa/who-tedros-eastern-congo-epicenter-ebola-outbreak-rcna347668): ""The WHO said Friday authorities have reported 906 suspected cases and 223 suspected deaths""). Revisions: sus -15.88%, conf -12.50%, total -15.51%, sus_deaths -9.35%. Original primary source (now superseded): DRC MoH 27 May situation report via Xinhua + Africa CDC 28 May briefing — both DRC-MoH-attributed running counts that WHO has not reconciled. DRC MoH/BNO @BNOFeed May 28 daily graphic reported 1,031 cases / 240 deaths in DRC with a note that DRC MoH ""removed duplicates and people who tested negative,"" which post-dates this row's cutoff but corroborates the WHO-reconciled lower count.",2026-05-26
2026-05-27,906,132,1038,223,18,0,"WHO DON605 (https://www.who.int/emergencies/disease-outbreak-news/item/2026-DON605, publ. 29 May, data as of 27 May for DRC sus/sus_deaths and 29 May for confirmed): DRC 906 sus / 125 conf / 223 sus_deaths / 17 conf_deaths as of 27 May; Uganda 7 conf / 1 death unchanged. Global: sus 906 (-15.88% vs prior 1,077), conf 132 (+3.13% vs prior 128), total 1,038 (-13.86% vs prior 1,205), sus_deaths 223 (-9.35% vs prior 246). REVISED 30 May from prior values (1,077/128/1,205/246 sourced to DRC MoH 27 May situation report via Xinhua + BNO @BNOFeed 27 May graphic): no-dip rule two-source threshold met by WHO DON605 + WHO DG Tedros remarks via PBS/NBC AP wire 30 May. Material narrative event 27 May remains in country_breakdown notes: Uganda ordered four-week closure of its border with DRC ""with immediate effect""; WHO DG Tedros publicly called for ceasefire in eastern DRC; first confirmed Ebola survivor released from Rwampara treatment center. [Uganda border closure: PBS via AP](https://www.pbs.org/newshour/health/uganda-closes-its-border-with-congo-where-suspected-cases-of-rare-ebola-type-are-surging).",2026-05-27
2026-05-28,906,133,1039,223,18,0,"WHO DON605 figures carried forward from revised May 27 row (DRC sus/sus_deaths as of 27 May; DRC conf 125 / conf_deaths 17 as of 27 May per DON605). Uganda confirmed +1 from 7 to 8 per Africa CDC 28 May briefing (DG Jean Kaseya via CIDRAP) — preserved here as the +1 Uganda case is operationally specific to 28 May and corroborated by DON605's 29 May Uganda total of 9 (the +2 BNO @BNOFeed reported on 29 May = 1 of those is the Africa CDC +1 + 1 new on 29 May, or a small reconciliation; DON605's 9 total is authoritative). REVISED 30 May from prior values (1,077/137/1,214/246 sourced to Africa CDC 28 May briefing): no-dip rule two-source threshold met by WHO DON605 + WHO DG Tedros remarks. Revisions: sus -15.88%, conf -2.92%, total -14.41%, sus_deaths -9.35%. Material narrative events 28 May preserved in story.md history: WHO DG Tedros published [message to the people of DRC](https://www.who.int/news/item/28-05-2026-message-by-the-who-director-general-to-the-people-of-the-democratic-republic-of-the-congo) and announced his Bunia field visit; EU aid delivered to Bunia; US State Dept $80M + $50M allocations; Kenya 50-bed US quarantine unit announced (later blocked by Kenyan court on 30 May).",2026-05-28
2026-05-29,906,134,1040,223,18,0,"[WHO DON605](https://www.who.int/emergencies/disease-outbreak-news/item/2026-DON605) (publ. 29 May 2026, data as of 27 May for DRC sus/sus_deaths and 29 May for confirmed): DRC 906 sus / 125 conf / 223 sus_deaths / 17 conf_deaths; Uganda 9 conf / 1 death (+2 vs May 27's 7, including the +1 carried in revised May 28 row + 1 new on 29 May per BNO @BNOFeed 29 May post: ""In Uganda, 2 new cases were announced in the capital Kampala. Both are Congolese nationals, one of whom is a contact of a previous case""). Global cumulative: sus 906 (unchanged from May 28 — WHO 27 May cutoff carried forward; DRC MoH/BNO @BNOFeed 29 May graphic reports DRC sus ~1,028, materially higher, but WHO source preference holds for the reconciled cumulative figure), conf 134 (+1 vs May 28 from Uganda +1), total 1,040 (+1), sus_deaths 223 (unchanged). Also reported separately by WHO DON605: one US doctor exposed in DRC, tested positive 17 May, currently in care in Germany — treated as DRC case per country-of-exposure convention, not added as a separate row. SOURCE-VIEW DIVERGENCE FLAG: BNO @BNOFeed Daily Ebola Update 29 May graphic shows TOTAL 1,262 cases / 241 deaths (DRC sus ~1,028 / DRC conf 225 — DRC MoH ramped up lab testing on 29 May, confirming +100 cases in one day per BNO post). DRC MoH-attributed total (1,262) is +222 above WHO DON605's WHO-reconciled total (1,040). WHO has not yet reconciled the post-27-May DRC MoH-attributed surge; WHO Sitrep 03 (expected Tue 2 Jun) will likely reflect a partial catch-up. Per source-preference order (WHO DON > BNO News), WHO DON605 wins for the row's cumulative attribution; DRC MoH running count noted for transparency.",2026-05-29
2026-05-30,349,234,583,0,18,0,"REVISED 2026-05-31 (PM): MoH methodology-change carve-out applied per METHODOLOGY.md. BNO @BNOFeed Daily Ebola Update May 30 graphic carries DRC MoH's formally-announced cleaned baseline: ""Today, Congo removed nearly 700 suspected cases after they tested negative for Ebola. This follows an increase in testing capabilities."" DRC totals on the cleaned baseline: 574 cases / 17 deaths. Per the carve-out, DRC MoH is the single high-value source needed because the dip IS the definitional reclassification (lab capacity ramp-up; remaining cases tested negative). Sus/conf split: DRC confirmed carries forward at DRC MoH's running 225 (BNO @BNOFeed May 29 graphic, +100 lab catch-up); DRC suspected = 574 - 225 = 349. DRC suspected_deaths column zeroed by DRC MoH (17 deaths = pre-cleanup conf_deaths only); DRC conf_deaths = 17 unchanged. Uganda 9 conf / 1 death unchanged. Global: sus 906→349 (-61.48%), conf 134→234 (+74.63%), total 1040→583 (-43.94%), sus_deaths 223→0 (-100%). Prior values were the WHO DON605 carry-forward held under the no-dip rule pending WHO corroboration; the rule's MoH carve-out (added 2026-05-31 PM) now exempts this row's downward revisions. [WHO DG Tedros press briefing in Bunia, 30 May 2026](https://www.who.int/news-room/speeches/item/who-director-general-s-remarks-at-the-press-briefing-on-the-on-the-bundibugyo-ebola-outbreak---30-may-2026) remains qualitative (community ownership, safe burials, border-closure pushback); WHO Sitrep 03 expected Tue 2 Jun will reconcile DRC MoH's cleaned baseline against WHO surveillance. Original WHO DON605 figures: 906/134/1040/223. NO_DIP_EXEMPTIONS entry: 2026-05-30 → {suspected_global, total_global, suspected_deaths_global}.",2026-05-30
2026-05-31,116,330,446,0,49,0,"REVISED 2026-06-08 (Web-directed, WHO Weekly Sitrep 03 reconciliation): [WHO Weekly External Situation Report 03, data as of 31 May 2026](https://www.afro.who.int/health-topics/ebola-disease/outbreak-drc-26) is the gold-standard reconciled source for this date and was missed by the runs through 2026-06-08 (the AFRO Situation Reports list is JS-rendered; prior runs checked the DON page + CDC + BNO wire and wrongly logged 'no Sitrep 03 yet'). Sitrep 03 summary: DRC 321 confirmed / 48 confirmed deaths / 0 probable / 15.0% CFR (confirmed+probable framing; no suspected column). Reconciled May 31 to the Sitrep: DRC suspected 447->116 (the cleaned-baseline suspected level WHO carries from ~29-31 May; the 447 BNO running count is superseded), confirmed 225->321 (+42.7%), conf_deaths 42->48; Uganda unchanged 9 conf / 1 death. Global: suspected 447->116, confirmed 234->330 (+41.0%), total 681->446 (-34.5%), suspected_deaths 0 (unchanged), confirmed_deaths 43->49. This pulls the DRC MoH cleanup onto its true Sitrep date, so May 31 now matches the June 1 post-cleanup state. Per METHODOLOGY source-preference order, WHO Weekly Sitrep is source #1 and supersedes the wire counts previously carried. no-dip: the suspected/total drops vs May 30 are the MoH methodology-change cleanup (carve-out); NO_DIP_EXEMPTIONS_TIMESERIES gains 2026-05-31 -> {suspected_global, total_global} and BASELINE_RESET_DATES gains 2026-05-31. PRIOR (superseded) primary_source: confirmed_deaths corrected 56->43 on 2026-06-01 per BNO June 1 graphic; May 31 BNO cleaned-baseline running count DR Congo 672 cases / 55 deaths, split DRC conf 225 / sus 447. See notes.md 2026-06-08 Sitrep-03 bullet.",2026-05-31
2026-06-01,116,330,446,0,49,0,"REVISED 2026-06-02 per WHO + CDC reconciliation: DRC confirmed_global revised 343→321 (-6.41%); conf_global 352→330 (-6.25%); total_global 468→446 (-4.70%). [Reuters via CNBC Africa, June 2 2026](https://www.cnbcafrica.com/2026/who-says-suspected-ebola-cases-drop-to-116-after-hundreds-ruled-out): ""The World Health Organization said there have been 321 confirmed cases of Ebola in the Democratic Republic of Congo outbreak and 116 suspected cases…The agency said on Tuesday there had been 48 deaths and six people had recovered in Congo. The Congolese authorities first put out the new case numbers on Monday."" WHO spokesperson Christian Lindmeier briefed reporters in Geneva. CDC website also updated to 321 confirmed / 116 suspected per [CIDRAP, June 2 2026](https://www.cidrap.umn.edu/ebola/who-drastically-downsizes-ebola-case-count-dr-congo-outbreak) with explicit CDC note: ""On May 29, the DRC Ministry of Health updated their total suspect case count to remove suspected cases that have been ruled out after investigation and suspected deaths that are pending the results of ongoing investigation."" DRC MoH 31 May formal situation report (per [Outbreak News Today, June 2 2026](https://outbreaknewstoday.substack.com/p/ebola-outbreak-in-the-drc-tops-300)): 321 confirmed / 48 deaths among confirmed / 238 patients under treatment / 6 recoveries / 23 health zones affected (new health zone Logo recently impacted with 12 new confirmed). No-dip rule two-source threshold met for the conf dip: WHO official statement (Lindmeier, Reuters wire) + CDC website + DRC MoH formal sit report. BNO @BNOFeed June 1 graphic's DRC 343 conf was a running wire count that overshot the formal DRC MoH May 31 sit report's 321 conf; the WHO/CDC reconciliation aligns the tracker with the underlying official figures. Prior primary source (now superseded): [BNO @BNOFeed Daily Ebola Update June 1, 2026 graphic](https://x.com/BNOFeed/status/2061573338569351279) showing DR Congo 343 conf / 116 sus / 48 deaths. MoH methodology-change carve-out continues to apply: DRC suspected at 116 (cleaned baseline). NO_DIP_EXEMPTIONS_TIMESERIES entry retained: 2026-06-01 → {suspected_global, total_global}. Global vs revised May 31: sus 447→116 (-74.05%), conf 234→330 (+41.03%), total 681→446 (-34.51%), sus_deaths 0 (unchanged), conf_deaths 43→49 (+13.95%). Uganda 9 conf / 1 death unchanged.",2026-06-02
2026-06-02,116,336,452,0,49,0,"[Reuters via CNBC Africa, June 2 2026](https://www.cnbcafrica.com/2026/who-says-suspected-ebola-cases-drop-to-116-after-hundreds-ruled-out): WHO (spokesperson Christian Lindmeier, Geneva briefing) confirms DRC 321 confirmed / 116 suspected / 48 deaths / 6 recoveries; Uganda 9 confirmed / 1 death (WHO morning figure). [Uganda MoH June 2 press release via Xinhua](https://english.news.cn/africa/20260602/74e9d674de0f4d7b9215a49167a54f70/c.html): ""Uganda has confirmed six new cases of Ebola, bringing the total number of confirmed infections in the ongoing outbreak to 15…the six new cases were identified among contacts of previously confirmed patients. The ministry said 12 Ebola patients are currently admitted to treatment facilities, while two patients have been discharged after recovery…Health authorities are currently monitoring 668 contacts linked to confirmed cases."" Per source-preference order (Uganda MoH > WHO spokesperson for Uganda's own figures), Uganda 15 conf / 1 death taken as the authoritative June 2 figure. Global: sus 116 (carries forward from June 1 cleaned baseline), conf 336 (DRC 321 + Uganda 15), total 452, sus_deaths 0 (column zeroed May 30 carries forward), conf_deaths 49 (DRC 48 + Uganda 1). DRC MoH 31 May formal situation report (per [Outbreak News Today, June 2 2026](https://outbreaknewstoday.substack.com/p/ebola-outbreak-in-the-drc-tops-300)): 23 health zones affected across Ituri / Nord-Kivu / Sud-Kivu (new health zone Logo recently impacted with 12 new confirmed cases notified); 238 patients under treatment; 43% contact follow-up rate; community resistance in Bunia and Nizi; security issues limiting humanitarian access. [CIDRAP June 2](https://www.cidrap.umn.edu/ebola/who-drastically-downsizes-ebola-case-count-dr-congo-outbreak) cites Abdou Sebushishe MD (International Medical Corps, Goma) via CBS News: as many as 20% of case-patients are healthcare workers; ""beyond six months before this outbreak could be put under control."" Two Brazil suspected cases tested negative; Italy suspected case tested negative. Africa CDC DG Jean Kaseya FT op-ed Sunday May 31 cited >1,100 suspected cases under investigation pre-cleanup. No WHO Sitrep 03 / DON606 yet (Sitrep 03 expected was 2 Jun; Geneva briefing instead served as the WHO reconciliation channel today).",2026-06-02
2026-06-03,116,359,475,0,61,8,"[WHO Director-General opening remarks at the media briefing on the Bundibugyo Ebola outbreak, 3 June 2026](https://www.who.int/news-room/speeches/item/who-director-general-s-opening-remarks-at-the-media-briefing---3-june-2026): ""In DRC, 344 cases have been confirmed, including 60 deaths, in 24 health zones across three different provinces: Ituri, North Kivu and South Kivu. The number of suspected cases has now been reduced to 116 from over 1000 last week, as we work through the backlog, either confirming them or ruling them out. In Uganda, there is one confirmed death and 15 confirmed cases."" Tedros returned 2 Jun from his Ituri field visit. Global: sus 116 (DRC 116; carries forward from June 2 cleaned baseline, unchanged), conf 359 (DRC 344 + Uganda 15), total 475, sus_deaths 0 (column zeroed May 30 carries forward), conf_deaths 61 (DRC 60 + Uganda 1). DRC confirmed +23 vs June 2 (321→344), DRC conf_deaths +12 (48→60) as lab backlog is worked through; Uganda unchanged at 15/1. WHO risk assessment unchanged: very high national / high regional / low global. 6 recovered in DRC, 2 in Uganda. New: one Uganda case is a Congolese resident who travelled to the UAE then Uganda (WHO working with Uganda + UAE on contact tracing); a US citizen infected in DRC still in care in Germany. SOURCE-VIEW DIVERGENCE FLAG: [BNO @BNOFeed Daily Ebola Update June 3 graphic](https://x.com/BNOFeed/status/2062328589639381207) shows TOTAL 378 cases (+19) / 63 deaths (+2) — a DRC MoH-attributed running wire count ~19 cases / 2 deaths above the WHO-reconciled total. Per source-preference order (WHO DG statement > BNO News), WHO DG June 3 figures win for the row; BNO running count noted for transparency (same overshoot pattern as June 1, where BNO's 352 conf was later reconciled by WHO to 330). No Sitrep 03 / DON606 published yet. 3-day lookback (May 31, June 1, June 2): no revisions required — June 2 row's DRC 321/48 was WHO's own June 2 morning Geneva figure; the growth to 344/60 lands on the June 3 row, not retroactively.",2026-06-03
2026-06-04,116,397,513,0,65,9,"BACKFILL (added 2026-06-08 run, daily-row policy): [BNO News @BNOFeed Daily Ebola Update June 4, 2026 graphic](https://x.com/BNOFeed) (MoH DR Congo + MoH Uganda + WHO): DR Congo 381 confirmed (+18) / 64 deaths (+2) / 7 recovered; Uganda 16 confirmed (+1) / 1 death / 2 recovered; TOTAL 397 confirmed (+19) / 65 deaths / 9 recovered. DRC 381/64 matches the WHO DON 'as of 5 June' reconciled DRC figure (published 4 June, as of 3 June), so the DRC component on this date is WHO-corroborated; Uganda 16/1 per Uganda MoH via Xinhua (one new confirmed Thursday 4 June). Global: suspected 116 (carried from 3 June cleaned baseline), confirmed 397 (DRC 381 + Uganda 16), total 513, suspected_deaths 0 (column zeroed 30 May), confirmed_deaths 65 (DRC 64 + Uganda 1). vs 3 June (116/359/475/0/61): confirmed +38, total +38, conf_deaths +4. Cumulative non-decreasing. Row backfilled after the fact: the 4 June scheduled run did not fire (laptop offline) and the 6 June run folded 4 June into the 5 June row. See METHODOLOGY.md 'Backfilling missed days.'",2026-06-04
2026-06-05,116,400,516,0,66,12,"[WHO Disease Outbreak News, data as of 5 June 2026] reconciled snapshot: DRC 381 confirmed / 64 confirmed deaths (DRC MoH figures published 4 June, as of 3 June; 233 hospitalised in isolation), across Ituri (359 conf / 17 health zones), North Kivu (19 conf / 7 health zones) and South Kivu (3 conf / 1 health zone). Uganda 19 confirmed / 2 deaths as of 5 June (3 new cases reported 5 June were contacts of confirmed cases; 8 of 9 geolocated cases in Kampala, 1 in Wakiso). Global: suspected 116 (carried forward from 3 June - no updated official suspected figure published in the 5 June WHO DON / Xinhua / CDC sources, all of which led with confirmed; DRC now testing nearly all samples with results within 24h per Health Minister Kamba, draining the suspected backlog), confirmed 400 (DRC 381 + Uganda 19), total 516, suspected_deaths 0 (column zeroed 30 May), confirmed_deaths 66 (DRC 64 + Uganda 2). DRC Health Minister Roger Kamba press briefing 4 June via Xinhua (https://english.news.cn/africa/20260605/75381cda9c1642f7acfdaac060a5bf0f/c.html) cited DRC 381 conf / 63 deaths / 233 hospitalised, contact tracing improved from ~9% to 55% (target 90%), 4,000+ Africa CDC test kits arrived enabling 24h results; WHO DON's 64 DRC conf_deaths used per source-preference (WHO DON > MoH-via-wire, which said 63). vs June 3 (116/359/475/0/61): suspected unchanged, confirmed +41, total +41, conf_deaths +5; cumulative non-decreasing on all columns, no exemption needed. SOURCE-VIEW DIVERGENCE FLAG: BNO @BNOFeed Daily Ebola Update June 5 graphic shows TOTAL 471 confirmed (+74) / 84 deaths (+19) / 12 recovered (+3), a DRC MoH-attributed running wire count ~71 cases / 18 deaths above the WHO-reconciled total (BNO June 4 graphic = 397 conf / 65 deaths matched the official DRC 381 + Uganda 16 sum exactly; BNO June 3 = 378/63). Per source-preference order (WHO DON > BNO News), WHO figures win for the row; BNO running count noted for transparency (same forward-lead pattern as June 1 and June 3). CDC June 5 release (https://www.cdc.gov/media/releases/2026/update-on-ebola-outbreak-in-the-democratic-republic-of-the-congo-and-uganda-6-5-2026.html): three MMWRs - Notes from the Field (largest Bundibugyo outbreak on record; first detected among healthcare-worker clusters), a US risk assessment (risk to general US public low), and CFA modeling (without strong interventions the outbreak could rival or exceed the 2014-2016 West Africa outbreak; >20,000 cases in 2 of 3 simulations at 20% case isolation within 2 days). No WHO Weekly Sitrep 03 yet; DON + briefings remain the reconciliation channel. Catch-up run after June 3 (no June 4 row): the WHO 'as of 5 June' DON is the single reconciled data point and June 4 is not separately rowed (its DRC figure is the same as-of-3-June 381 count, Uganda's increment folds into the 5 June total).",2026-06-05
2026-06-06,116,534,650,0,93,13,"REVISED 2026-06-10 per WHO DON606 (https://www.who.int/emergencies/disease-outbreak-news/item/2026-DON606, published 8 June, data as of 6 June 2026): WHO-reconciled figures as of 6 June are DRC 515 confirmed / 91 confirmed deaths (CFR 17.7%) and Uganda 19 confirmed / 2 deaths (+1 probable case who has died, not counted in the confirmed columns); total both countries 534 confirmed / 93 deaths / 17 recovered. UPWARD reconciliation of the prior BNO @BNOFeed June 6 running count (DRC 488 conf / 86 deaths; total 507/88): WHO's as-of-6-June DRC figure (515) EXCEEDS the same-day BNO running count because of backlog-sample attribution (DON606: 'Newly reported confirmed cases/deaths may be part of the backlog of samples and therefore not necessarily newly acquired infections'). Source-preference order puts WHO DON above BNO, so the row takes DON606. The reconciled June 6 DRC figure (515/91) happens to equal the BNO June 7 running count, so the apparent June 6->June 7 jump collapses to flat. Upward revision, no-dip rule not triggered. Revisions vs prior: confirmed 507->534 (+5.33%), total 623->650 (+4.33%), conf_deaths 88->93 (+5.68%). suspected 116 carried (DON606 uses a confirmed+probable framing, no suspected figure); suspected_deaths 0 (column zeroed 30 May). Prior (superseded) primary_source: BNO @BNOFeed June 6 graphic, DRC 488/86 + Uganda 19/2.",2026-06-06
2026-06-07,116,569,685,0,103,16,"REVISED 2026-06-12 per WHO Weekly External Situation Report 04 (https://www.afro.who.int/countries/uganda/publication/ebola-bundibugyo-virus-disease-outbreak-democratic-republic-congo-0, published 7 June, data as of 07 June 2026): WHO-reconciled figures as of 7 June are DRC 550 confirmed / 101 confirmed deaths (CFR 18.4%; 229 new confirmed cases and 53 new confirmed deaths since 31 May; 25 health zones across Ituri 518 conf / 80 deaths, North Kivu 25 conf / 15 deaths CFR 60%, South Kivu 3 conf / 1 death) and Uganda 19 confirmed / 2 confirmed deaths (plus 1 probable case and 1 probable death, not counted in the confirmed columns; 5 cases are health workers; Kampala + Wakiso). Global: suspected 116 carried (Sitrep reports confirmed+probable only, no suspected figure), confirmed 569 (DRC 550 + Uganda 19), total 685, suspected_deaths 0 (column zeroed 30 May), confirmed_deaths 103 (DRC 101 + Uganda 2). UPWARD reconciliation of the prior BNO @BNOFeed June 7 running count (DRC 515/91): WHO as-of-7-June DRC figure exceeds the same-day BNO count due to backlog-sample attribution, same direction as DON606 for 6 June. Revisions vs prior: confirmed 534->569 (+6.55%), total 650->685 (+5.38%), conf_deaths 93->103 (+10.75%). The reconciled 7 June figure equals the BNO June 8 running count (DRC 550/101), collapsing the apparent June 7->8 jump to flat. Upward revision, no-dip rule not triggered. Prior (superseded) primary_source: BNO @BNOFeed June 7 graphic, DRC 515/91 + Uganda 19/2.",2026-06-12
2026-06-08,116,569,685,0,103,23,"[BNO News @BNOFeed Daily Ebola Update June 8, 2026 graphic](https://x.com/BNOFeed) (sourced to MoH DR Congo + MoH Uganda + WHO): DR Congo 550 confirmed (+35) / 101 confirmed deaths (+10) / 19 recovered; Uganda 19 confirmed (unchanged) / 2 deaths / 4 recovered; TOTAL 569 confirmed (+35) / 103 deaths (+10) / 23 recovered. Global: suspected 116 (carried forward from 5 June WHO DON cleaned baseline; BNO tracks confirmed only, no fresh official suspected figure published 6-8 June), confirmed 569 (DRC 550 + Uganda 19), total 685, suspected_deaths 0 (column zeroed 30 May), confirmed_deaths 103 (DRC 101 + Uganda 2). vs 7 June (116/534/650/0/93): suspected unchanged, confirmed +35, total +35, conf_deaths +10; cumulative non-decreasing on all columns. DRC confirmed deaths cross 100 (101) and global deaths cross 100 (103) on this row. SOURCE-VIEW / TIER FLAG: DRC MoH + Uganda MoH attributed running wire count carried by BNO; no WHO Weekly Sitrep 04 / new DON / CDC reconciliation has published for 6-8 June (last WHO-reconciled point is the 5 June DON at DRC 381 / 64; WHO AFRO Situation Reports list still tops out at Sitrep 03, data as of 31 May, confirmed via Chrome render this run). Per METHODOLOGY.md source-preference order, BNO News is the designated fallback when nothing higher-tier is fresher. The BNO running count has historically overshot the later WHO reconciliation by ~15-18% (1 Jun BNO 352 conf -> WHO 330; 5 Jun BNO 471 -> WHO 400), so the 8 June confirmed figure is provisional and likely to be revised DOWN when WHO/CDC next reconcile; under the no-dip rule that future dip would need the WHO+CDC two-source threshold. Bars provisional on charts (post-31-May hatching). x.com credentialed-account search this run surfaced nothing materially new beyond the BNO graphic; CDC Travel Notices verified unchanged (DRC Level 3, Uganda Level 2).",2026-06-08
2026-06-09,116,617,733,0,117,27,"[BNO News @BNOFeed Daily Ebola Update June 9, 2026 graphic](https://x.com/BNOFeed) (sourced to MoH DR Congo + MoH Uganda + WHO; '25 days since first case'): DR Congo 598 confirmed (+48) / 115 confirmed deaths (+14) / 22 recovered; Uganda 19 confirmed (unchanged) / 2 deaths / 5 recovered (+1); TOTAL 617 confirmed (+48) / 117 deaths (+14) / 27 recovered. Global: suspected 116 (carried forward from 5 June WHO DON cleaned baseline; BNO tracks confirmed only, no fresh official suspected figure), confirmed 617 (DRC 598 + Uganda 19), total 733, suspected_deaths 0 (column zeroed 30 May), confirmed_deaths 117 (DRC 115 + Uganda 2). vs 8 June (116/569/685/0/103): confirmed +48, total +48, conf_deaths +14; cumulative non-decreasing. SOURCE-VIEW / TIER FLAG: DRC MoH + Uganda MoH attributed running wire count carried by BNO; the newest WHO reconciliation is DON606 (data as of 6 June: DRC 515/91), applied to the June 6 row this run. For June 6 the WHO figure (515) ran ABOVE the same-day BNO count (488) due to backlog-sample attribution, so the historical '~15-18% BNO overshoot' pattern did NOT hold at the last reconciliation; the direction of the next WHO reconciliation of the 7-9 June BNO counts is therefore less certain than prior notes assumed. Bars provisional on charts (post-31-May hatching). No June 10 BNO graphic published yet at run time (the June 9 graphic, posted ~13h before this run, is the latest), so the latest row date (9 June) trails the run date (10 June). WHO Weekly Sitrep still tops out at 03 (data as of 31 May); no Sitrep 04. x.com credentialed search surfaced only humanitarian-funding posts (EU +EUR16.5M, Dubai relief airlift), nothing superseding the BNO figure. CDC Travel Notices verified unchanged (DRC Level 3, Uganda Level 2).",2026-06-09
2026-06-10,116,654,770,0,129,35,"[BNO News @BNOFeed Daily Ebola Update June 10, 2026 graphic](https://x.com/BNOFeed/status/2064800984191193477) (sourced to MoH DR Congo + MoH Uganda + WHO; ""26 days since first case""): DR Congo 635 confirmed (+37) / 127 confirmed deaths (+12) / 30 recovered; Uganda 19 confirmed (unchanged) / 2 deaths / 5 recovered; TOTAL 654 confirmed (+37) / 129 deaths (+12) / 35 recovered. Global: suspected 116 (carried forward from 5 June WHO DON cleaned baseline; BNO tracks confirmed only, no fresh official suspected figure), confirmed 654 (DRC 635 + Uganda 19), total 770, suspected_deaths 0 (column zeroed 30 May), confirmed_deaths 129 (DRC 127 + Uganda 2). vs 9 June (116/617/733/0/117): confirmed +37, total +37, conf_deaths +12; cumulative non-decreasing. SOURCE-VIEW / TIER FLAG: DRC MoH + Uganda MoH attributed running wire count carried by BNO; latest WHO reconciliation is DON606 (data as of 6 June: DRC 515/91), applied to the June 6 row. WHO Weekly Sitrep still tops out at 03 (data as of 31 May; DRC 321/48/15.0% CFR), confirmed via Chrome render of the AFRO outbreak page this run; no Sitrep 04. Bars provisional on charts (post-31-May hatching). x.com credentialed search surfaced only non-credentialed accounts (no new primary-source figure). CDC Travel Notices verified unchanged (DRC Level 3, last reviewed 22 May; Uganda Level 2, last reviewed 26 May).",2026-06-10
2026-06-11,116,695,811,0,138,37,"BACKFILL (added 2026-06-12 run, daily-row policy): [BNO News @BNOFeed Daily Ebola Update June 11, 2026 graphic](https://x.com/BNOFeed/status/2065196960382853582) (sourced to MoH DR Congo + MoH Uganda + WHO; ""27 days since first case""): DR Congo 676 confirmed (+41) / 136 confirmed deaths (+9) / 32 recovered; Uganda 19 confirmed (unchanged) / 2 deaths / 5 recovered; TOTAL 695 confirmed (+41) / 138 deaths (+9) / 37 recovered. Global: suspected 116 (carried forward from 5 June WHO DON cleaned baseline; BNO tracks confirmed only), confirmed 695 (DRC 676 + Uganda 19), total 811, suspected_deaths 0 (column zeroed 30 May), confirmed_deaths 138 (DRC 136 + Uganda 2). vs 10 June (116/654/770/0/129): confirmed +41, total +41, conf_deaths +9; cumulative non-decreasing. Backfilled because the June 11 scheduled run did not fire; the June 11 BNO graphic is the latest available at the June 12 run (no June 12 graphic posted yet), so the latest row date trails the run date. SOURCE-VIEW / TIER FLAG: DRC MoH + Uganda MoH attributed running wire count carried by BNO; latest WHO reconciliation is Weekly Sitrep 04 (data as of 7 June: DRC 550/101), applied to the June 7 row this run; LAST_SITREP_STABLE_DATE advanced to 2026-06-07. Bars provisional on charts (post-7-June hatching). x.com credentialed search surfaced only qualitative developments (WHO ""blind spots""/underestimation warning via Al Jazeera + TRT Afrika; Reuters on spread to a displacement camp with 2 deaths), nothing superseding the BNO figure. CDC Travel Notices verified unchanged on the per-country pages (DRC Level 3 reviewed 22 May, Uganda Level 2 reviewed 26 May).",2026-06-11
2026-06-12,116,708,824,0,141,37,"BACKFILL (added 2026-06-14 run, daily-row policy): figures derived from the [BNO News @BNOFeed Daily Ebola Update June 13, 2026 graphic](https://x.com/BNOFeed) stated day-over-day deltas. BNO did not post a standalone June 12 graphic; the June 13 graphic reports Cases 729 (+21), Deaths 151 (+10), Recovered 40 (+3) vs the prior day, which fixes 12 June at TOTAL 708 confirmed / 141 deaths (DR Congo 689 confirmed / 139 deaths; Uganda 19 confirmed / 2 deaths, unchanged). Global: suspected 116 (carried from 5 June WHO DON cleaned baseline; BNO tracks confirmed only), confirmed 708 (DRC 689 + Uganda 19), total 824, suspected_deaths 0 (column zeroed 30 May), confirmed_deaths 141 (DRC 139 + Uganda 2). vs 11 June (116/695/811/0/138): confirmed +13, total +13, conf_deaths +3; cumulative non-decreasing. SOURCE-VIEW / TIER FLAG: DRC MoH + Uganda MoH attributed running wire count carried by BNO, recovered from the June 13 graphic's deltas because no June 12 graphic was posted; provisional pending WHO/CDC reconciliation. Latest WHO reconciliation is Weekly Sitrep 04 (data as of 7 June: DRC 550/101); no Sitrep 05. Bars provisional on charts (post-7-June hatching).",2026-06-13
2026-06-13,116,729,845,0,151,40,"BACKFILL (added 2026-06-14 run, daily-row policy): [BNO News @BNOFeed Daily Ebola Update June 13, 2026 graphic](https://x.com/BNOFeed) (sourced to MoH DR Congo + MoH Uganda + WHO; ""29 days since first case""): DR Congo 710 confirmed (+21) / 149 confirmed deaths (+10) / 35 recovered (+3); Uganda 19 confirmed (unchanged) / 2 deaths / 5 recovered; TOTAL 729 confirmed (+21) / 151 deaths (+10) / 40 recovered. Global: suspected 116 (carried from 5 June WHO DON cleaned baseline; BNO tracks confirmed only), confirmed 729 (DRC 710 + Uganda 19), total 845, suspected_deaths 0 (column zeroed 30 May), confirmed_deaths 151 (DRC 149 + Uganda 2). vs 12 June (116/708/824/0/141): confirmed +21, total +21, conf_deaths +10; cumulative non-decreasing. Backfilled because the June 13 scheduled run did not fire; the June 13 graphic is the latest @BNOFeed Daily Ebola Update at the June 14 run (no June 14 graphic posted yet), so the latest row date trails the run date by the normal one-day lag. SOURCE-VIEW / TIER FLAG: DRC MoH + Uganda MoH attributed running wire count carried by BNO; latest WHO reconciliation is Weekly Sitrep 04 (data as of 7 June: DRC 550/101), confirmed via Chrome render of the AFRO publications page this run; no Sitrep 05. DRC confirmed cross 700 (710) and global deaths cross 150 (151) on this row. x.com credentialed search surfaced only non-credentialed commentary (US-cobalt-war conspiracy threads; unverified Israel travel-restriction claims), nothing superseding the BNO figure. CDC Travel Notices verified unchanged on per-country pages (DRC Level 3 reviewed 22 May; Uganda Level 2 reviewed 26 May).",2026-06-13
2026-06-14,116,827,943,0,194,,"REVISED 2026-06-16 per WHO Weekly External Situation Report 05 (https://www.afro.who.int/countries/uganda/publication/ebola-bundibugyo-virus-disease-outbreak-democratic-republic-congo-1, data as of 14 June 2026): WHO-reconciled figures as of 14 June are DRC 808 confirmed / 192 confirmed deaths (CFR 23.8%) and Uganda 19 confirmed / 2 confirmed deaths (plus 1 probable case and 1 probable death, not counted in the confirmed columns; Uganda total 20 cases / 3 deaths, CFR 15.0%). Global: suspected 116 carried (Sitrep reports confirmed+probable only, no suspected figure; the single Uganda probable case/death is not folded into the global suspected columns, consistent with prior Sitrep handling and the no-dip rule), confirmed 827 (DRC 808 + Uganda 19), total 943, suspected_deaths 0 (column zeroed 30 May), confirmed_deaths 194 (DRC 192 + Uganda 2). UPWARD reconciliation of the prior BNO @BNOFeed June 14 running count (DRC 782/181): the WHO as-of-14-June DRC figure exceeds the same-day BNO count due to backlog-sample attribution, same direction as Sitrep 04 and DON606. Revisions vs prior: confirmed 801->827 (+3.25%), total 917->943 (+2.84%), conf_deaths 183->194 (+6.01%). The reconciled 14 June figure equals the BNO June 15 running count (DRC 808/192), collapsing the apparent June 14->15 jump to flat (same pattern as the Sitrep 04 reconciliation, where as-of-7-June equalled the BNO June 8 count). Upward revision, no-dip rule not triggered. Prior (superseded) primary_source: BNO @BNOFeed June 14 graphic, DRC 782/181 + Uganda 19/2.",2026-06-16
2026-06-15,116,827,943,0,194,53,"BACKFILL (added 2026-06-16 run, daily-row policy): [BNO News @BNOFeed Daily Ebola Update graphic embedded-dated JUNE 15, 2026 (""31 days since first case""), posted ~13h before this run](https://x.com/BNOFeed) (sourced to MoH DR Congo + MoH Uganda + WHO): DR Congo 808 confirmed (+26) / 192 confirmed deaths (+11) / 48 recovered; Uganda 19 confirmed (unchanged) / 2 deaths / 5 recovered; TOTAL 827 confirmed (+26) / 194 deaths (+11) / 53 recovered. Global: suspected 116 (carried from 5 June WHO DON cleaned baseline; BNO tracks confirmed only), confirmed 827 (DRC 808 + Uganda 19), total 943, suspected_deaths 0 (column zeroed 30 May), confirmed_deaths 194 (DRC 192 + Uganda 2). vs 14 June (116/801/917/0/183): confirmed +26, total +26, conf_deaths +11; cumulative non-decreasing. Added under the normal one-day lag: the June 15 graphic is the latest @BNOFeed Daily Ebola Update; no June 16 graphic yet. SOURCE-VIEW / TIER FLAG: DRC MoH + Uganda MoH attributed running wire count carried by BNO; latest WHO reconciliation is Weekly Sitrep 04 (data as of 7 June: DRC 550/101), no Sitrep 05 (confirmed via AFRO publications page this run). Bars provisional on charts (post-7-June hatching). x.com credentialed search corroborated the trajectory (The Syndicate/RSS citing DRC 782/181 as of 13 June; BBC News Africa on survivor recoveries; Insider Paper carrying a Red Cross warning the outbreak peak is ""in front of us"" and could last a year), nothing newer/superseding the BNO June 15 figure. CDC Travel Notices: levels unchanged (DRC Level 3, Uganda Level 2) but both per-country pages re-reviewed 15 June 2026 and CDC consolidated the Uganda notice into a combined DRC+Uganda Level 2 notice at wwwnc.cdc.gov/travel/notices/level2/ebola-drc-uganda (declarations.csv Uganda URL updated this run).",2026-06-16
2026-06-16,116,856,972,0,198,54,"BACKFILL (added 2026-06-17 run, daily-row policy): [BNO News @BNOFeed Daily Ebola Update graphic embedded-dated JUNE 16, 2026 (""32 days since first case""), posted 3:11 PM 16 June (~18h before this run)](https://x.com/BNOFeed/status/2066961954879525350) (sourced to MoH DR Congo + MoH Uganda + WHO): DR Congo 837 confirmed (+29) / 196 confirmed deaths (+4) / 49 recovered (+1); Uganda 19 confirmed (unchanged) / 2 deaths / 5 recovered; TOTAL 856 confirmed (+29) / 198 deaths (+4) / 54 recovered (+1). Global: suspected 116 (carried from 5 June WHO DON cleaned baseline; BNO tracks confirmed only), confirmed 856 (DRC 837 + Uganda 19), total 972, suspected_deaths 0 (column zeroed 30 May), confirmed_deaths 198 (DRC 196 + Uganda 2). vs 15 June (116/827/943/0/194): confirmed +29, total +29, conf_deaths +4; cumulative non-decreasing. Added under the normal one-day lag: the June 16 graphic is the latest @BNOFeed Daily Ebola Update; no June 17 graphic yet. SOURCE-VIEW / TIER FLAG: DRC MoH + Uganda MoH attributed running wire count carried by BNO; latest WHO reconciliation is Weekly Sitrep 05 (data as of 14 June: DRC 808/192), no Sitrep 06 (confirmed via AFRO publications page this run). Bars provisional on charts (post-14-June hatching). x.com credentialed search corroborated trajectory (Africa CDC ""worst ever"" warning repeated; WFP/World Bank/CIDRAP qualitative; ECDC modelling note via @greg_folkers), nothing newer/superseding the BNO June 16 figure. CDC Travel Notices verified unchanged via Chrome (combined DRC+Uganda Level 2 + DRC affected provinces Level 3, page last reviewed 15 June 2026).",2026-06-17
2026-06-17,116,894,1010,0,204,72,"BACKFILL (added 2026-06-18 run, daily-row policy): [BNO News @BNOFeed Daily Ebola Update graphic embedded-dated JUNE 17, 2026 (""33 days since first case""), posted 11:34 AM 18 June; BNO flagged the figures as delayed by the DRC health ministry](https://x.com/BNOFeed/status/2067631945538752658) (sourced to MoH DR Congo + MoH Uganda + WHO): DR Congo 875 confirmed (+38) / 202 confirmed deaths (+6) / 67 recovered; Uganda 19 confirmed (unchanged) / 2 deaths / 5 recovered; TOTAL 894 confirmed (+38) / 204 deaths (+6) / 72 recovered. Global: suspected 116 (carried from 5 June WHO DON cleaned baseline; BNO tracks confirmed only), confirmed 894 (DRC 875 + Uganda 19), total 1010, suspected_deaths 0 (column zeroed 30 May), confirmed_deaths 204 (DRC 202 + Uganda 2). vs 16 June (116/856/972/0/198): confirmed +38, total +38, conf_deaths +6; cumulative non-decreasing. Backfilled because the June 17 scheduled run did not fire and the earlier 18 June run found no 17 June graphic yet (DRC MoH delayed release); the dated graphic was published 18 June and is read here. SOURCE-VIEW / TIER FLAG: DRC MoH + Uganda MoH attributed running wire count carried by BNO; latest WHO reconciliation is Weekly Sitrep 05 (data as of 14 June: DRC 808/192), no Sitrep 06 (confirmed via AFRO DRC publications page this run). Bars provisional on charts (post-14-June hatching). CDC Travel Notices verified unchanged earlier on the same-day 18 June run (combined DRC+Uganda Level 2; affected DRC provinces Level 3; page last reviewed 15 June).",2026-06-18
2026-06-18,116,915,1031,0,234,88,"[BNO News @BNOFeed Daily Ebola Update graphic embedded-dated JUNE 18, 2026 (""34 days since first case""), posted 5:50 PM 18 June](https://x.com/BNOFeed/status/2067726779498836215) (sourced to MoH DR Congo + MoH Uganda + WHO): DR Congo 896 confirmed (+21) / 232 confirmed deaths (+30) / 78 recovered; Uganda 19 confirmed (unchanged) / 2 deaths / 10 recovered; TOTAL 915 confirmed (+21) / 234 deaths (+30) / 88 recovered. Global: suspected 116 (carried from 5 June WHO DON cleaned baseline; BNO tracks confirmed only), confirmed 915 (DRC 896 + Uganda 19), total 1031, suspected_deaths 0 (column zeroed 30 May), confirmed_deaths 234 (DRC 232 + Uganda 2). vs 17 June (116/894/1010/0/204): confirmed +21, total +21, conf_deaths +30; cumulative non-decreasing. NOTABLE: DRC confirmed deaths jumped +30 in a day (202->232) after only +6 on 17 June, lifting DRC CFR to ~25.9% (232/896) and pushing global deaths past 230; an upward single-source running-count move, no-dip rule not engaged. SOURCE-VIEW / TIER FLAG: DRC MoH + Uganda MoH attributed running wire count carried by BNO; latest WHO reconciliation is Weekly Sitrep 05 (data as of 14 June: DRC 808/192), no Sitrep 06 (confirmed via AFRO DRC publications page this run). Bars provisional on charts (post-14-June hatching). x.com credentialed search corroborated trajectory (Africa CDC ""death toll surpasses 200""/""may be worst ever"" via anews/CGTN; a wire report of an attack on a safe-burial team), nothing newer/superseding the BNO June 18 figure. CDC Travel Notices verified unchanged earlier on the same-day 18 June run (combined DRC+Uganda Level 2; affected DRC provinces Level 3; page last reviewed 15 June).",2026-06-18
2026-06-19,116,952,1068,0,247,90,"[BNO News @BNOFeed Daily Ebola Update graphic embedded-dated JUNE 19, 2026 (""35 days since first case""), posted 8:54 PM 19 June](https://x.com/BNOFeed/status/2068135452133998868) (sourced to MoH DR Congo + MoH Uganda + WHO): DR Congo 933 confirmed (+37) / 245 confirmed deaths (+13) / 80 recovered (+2); Uganda 19 confirmed (unchanged) / 2 deaths / 10 recovered; TOTAL 952 confirmed (+37) / 247 deaths (+13) / 90 recovered (+2). Global: suspected 116 (carried from 5 June WHO DON cleaned baseline; BNO tracks confirmed only), confirmed 952 (DRC 933 + Uganda 19), total 1068, suspected_deaths 0 (column zeroed 30 May), confirmed_deaths 247 (DRC 245 + Uganda 2). vs 18 June (116/915/1031/0/234): confirmed +37, total +37, conf_deaths +13; cumulative non-decreasing. Death pace returned to +13 after the +30 one-day spike on 18 June; DRC CFR ~26.3% (245/933). SOURCE-VIEW / TIER FLAG: DRC MoH + Uganda MoH attributed running wire count carried by BNO; latest WHO reconciliation is Weekly Sitrep 05 (data as of 14 June: DRC 808/192), no Sitrep 06 (confirmed via AFRO DRC publications page this run). Bars provisional on charts (post-14-June hatching). x.com credentialed search surfaced a material qualitative development: WHO emergency director Marie Roseline Belizaire said 75 DRC health workers have been infected and 17 have died since 15 May (carried by Al Jazeera, 19 June: https://www.aljazeera.com/news/2026/6/19/more-than-70-medics-infected-with-ebola-as-drc-outbreak-spreads-fast); Africa CDC seeking more vaccine-development funding (India Today). Nothing superseding the BNO June 19 figure. CDC Travel Notices verified unchanged via Chrome this run (combined DRC+Uganda Level 2; affected DRC provinces Level 3; page last reviewed 15 June 2026).",2026-06-19
2026-06-20,116,975,1091,0,249,102,"BACKFILL (added 2026-06-21 run, daily-row policy): [BNO News @BNOFeed Daily Ebola Update graphic embedded-dated JUNE 20, 2026 (""36 days since first case"")](https://x.com/BNOFeed/status/2068428297306771502) (sourced to MoH DR Congo + MoH Uganda + WHO): DR Congo 956 confirmed (+23) / 247 confirmed deaths (+2) / 92 recovered (+12); Uganda 19 confirmed (unchanged) / 2 deaths / 10 recovered; TOTAL 975 confirmed (+23) / 249 deaths (+2) / 102 recovered. Global: suspected 116 (carried from 5 June WHO DON cleaned baseline; BNO tracks confirmed only), confirmed 975 (DRC 956 + Uganda 19), total 1091, suspected_deaths 0 (column zeroed 30 May), confirmed_deaths 249 (DRC 247 + Uganda 2). vs 19 June (116/952/1068/0/247): confirmed +23, total +23, conf_deaths +2; cumulative non-decreasing. Backfilled because the June 20 scheduled run did not fire; figures read from the dated June 20 graphic. SOURCE-VIEW / TIER FLAG: DRC MoH + Uganda MoH attributed running wire count carried by BNO; latest WHO reconciliation is Weekly Sitrep 05 (data as of 14 June: DRC 808/192), no Sitrep 06 (confirmed via AFRO DRC publications page this run). Bars provisional on charts (post-14-June hatching). CDC Travel Notices verified unchanged via Chrome this run (combined DRC+Uganda Level 2; affected DRC provinces Level 3; both pages last reviewed 15 June 2026).",2026-06-21
2026-06-21,116,1068,1184,0,269,110,"REVISED 2026-06-29 per WHO Weekly External Situation Report 06 (https://www.afro.who.int/countries/uganda/publication/ebola-bundibugyo-virus-disease-outbreak-democratic-republic-congo-2, data as of 21 June 2026): WHO-reconciled figures as of 21 June are DRC 1048 confirmed / 267 confirmed deaths (CFR 25.5%; +240 confirmed and +75 confirmed deaths since 14 June) across Ituri, North Kivu and South Kivu, and Uganda 20 confirmed / 2 confirmed deaths (one new confirmed case reported after nearly two weeks without a case; plus 1 probable case and 1 probable death, not counted in the confirmed columns). Global: suspected 116 carried (Sitrep reports confirmed+probable only, no suspected figure), confirmed 1068 (DRC 1048 + Uganda 20), total 1184, suspected_deaths 0 (column zeroed 30 May), confirmed_deaths 269 (DRC 267 + Uganda 2). UPWARD reconciliation of the prior BNO @BNOFeed June 21 running count (DRC 1003/254 + Uganda 19/2): the WHO as-of-21-June DRC figure exceeds the same-day BNO count due to backlog-sample attribution, same direction as Sitreps 04 and 05 and DON606. Revisions vs prior: confirmed 1022->1068 (+4.50%), total 1138->1184 (+4.04%), conf_deaths 256->269 (+5.08%). Sitrep 06 also places the Uganda 19->20 increment on 21 June (BNO had shown it on the June 23 graphic). The reconciled 21 June DRC figure (1048) equals the BNO June 22 running count, collapsing the apparent June 21->22 jump to flat, same pattern as prior Sitrep reconciliations. Upward revision, no-dip rule not triggered. LAST_SITREP_STABLE_DATE advanced to 2026-06-21 this run. Prior (superseded) primary_source: BNO @BNOFeed June 21 graphic, DRC 1003/254 + Uganda 19/2.",2026-06-29
2026-06-22,116,1068,1184,0,269,122,"REVISED 2026-06-29 (Uganda no-dip carry-forward from WHO Weekly External Situation Report 06): WHO Sitrep 06 (data as of 21 June 2026) establishes Uganda at 20 confirmed by 21 June, so the prior June 22 Uganda 19 is carried forward to 20 to keep cumulative confirmed monotonically non-decreasing after the June 21 row was reconciled upward to 1068. DRC unchanged at 1048 confirmed / 267 confirmed deaths ([BNO @BNOFeed June 22 graphic](https://x.com/BNOFeed/status/2069188090065727998), which equals the WHO as-of-21-June DRC figure). Global: suspected 116, confirmed 1068 (DRC 1048 + Uganda 20), total 1184, suspected_deaths 0, confirmed_deaths 269 (DRC 267 + Uganda 2). Revisions vs prior: confirmed 1067->1068 (+0.09%), total 1183->1184 (+0.08%), conf_deaths unchanged 269. June 21 and June 22 are now flat at 1068/1184/269, the documented WHO-reconciliation-equals-next-day-BNO pattern. Upward revision, no-dip rule not triggered. Prior (superseded) primary_source: BNO @BNOFeed June 22 graphic, DRC 1048/267 + Uganda 19/2.",2026-06-29
2026-06-23,116,1114,1230,0,279,129,"BACKFILL (added 2026-06-24 run, daily-row policy): [BNO News @BNOFeed Daily Ebola Update graphic embedded-dated JUNE 23, 2026 (""39 days since first case""), posted ~7h before this run](https://x.com/BNOFeed) (sourced to MoH DR Congo + MoH Uganda + WHO): DR Congo 1,094 confirmed (+46) / 277 confirmed deaths (+10) / 115 recovered (+3); Uganda 20 confirmed (+1, first Uganda increase since 5 June) / 2 deaths / 14 recovered (+4); TOTAL 1,114 confirmed (+47) / 279 deaths (+10) / 129 recovered (+7). Global: suspected 116 (carried from 5 June WHO DON cleaned baseline; BNO tracks confirmed only), confirmed 1114 (DRC 1094 + Uganda 20), total 1230, suspected_deaths 0 (column zeroed 30 May), confirmed_deaths 279 (DRC 277 + Uganda 2). vs 22 June (116/1067/1183/0/269): confirmed +47, total +47, conf_deaths +10; cumulative non-decreasing. NOTABLE: Uganda confirmed ticks 19->20 (+1), its first case increase since 5 June; DRC CFR ~25.3% (277/1094). Backfilled because the June 23 scheduled run did not fire; the June 23 graphic is the latest @BNOFeed Daily Ebola Update (no June 24 graphic yet), so the latest row date trails the run date by the normal one-day lag. MATERIAL DEVELOPMENT (not in outbreak totals): France reported its first Ebola case on 24 June, an imported case in a doctor returning from a humanitarian mission in DRC, isolated in stable condition (French Ministry of Health via Sky News + ABC News; ECDC assessed EU risk as low). The BNO outbreak running count does NOT fold France into the total, so global columns stay DRC+Uganda; France not added as a tracked country this run (flagged for Web). SOURCE-VIEW / TIER FLAG: DRC MoH + Uganda MoH attributed running wire count carried by BNO; latest WHO reconciliation is Weekly Sitrep 05 (data as of 14 June: DRC 808/192), no Sitrep 06 (confirmed via AFRO DRC publications page this run). Bars provisional on charts (post-14-June hatching). CDC Travel Notices verified unchanged via Chrome (combined DRC+Uganda Level 2; affected DRC provinces Level 3; both pages last reviewed 15 June 2026).",2026-06-23
2026-06-24,116,1139,1255,0,293,137,"[BNO News @BNOFeed Daily Ebola Update graphic embedded-dated JUNE 24, 2026 (""40 days since first case""), posted 8:23 PM 24 June](https://x.com/BNOFeed/status/2069939446095446177) (sourced to MoH DR Congo + MoH Uganda + MoH France + WHO): DR Congo 1,118 confirmed (+24) / 291 confirmed deaths (+14) / 122 recovered (+7); Uganda 20 confirmed (unchanged) / 2 deaths / 15 recovered (+1); France 1 confirmed (+1, NEW) / 0 deaths / 0 recovered; TOTAL 1,139 confirmed (+25) / 293 deaths (+14) / 137 recovered (+8). NOTABLE: France folded into the BNO/WHO outbreak running total for the first time as a third reporting country (imported case in a doctor returned from DRC; French Ministry of Health, ECDC EU risk low). Global: suspected 116 (carried from 5 June WHO DON cleaned baseline; BNO tracks confirmed only), confirmed 1139 (DRC 1118 + Uganda 20 + France 1), total 1255, suspected_deaths 0 (column zeroed 30 May), confirmed_deaths 293 (DRC 291 + Uganda 2 + France 0). vs 23 June (116/1114/1230/0/279): confirmed +25, total +25, conf_deaths +14; cumulative non-decreasing. The BNO graphic's TOTAL delta box reads (+50) but its own per-country deltas sum to +25 (DRC +24, Uganda +0, France +1) and 1,114+25=1,139, so +25 is the correct increment (graphic TOTAL-delta typo noted). DRC CFR ~26.0% (291/1118). SCOPE CHANGE - FLAG FOR WEB: France added as a third tracked country per METHODOLOGY ""Adding a new country"" because the authoritative BNO/WHO graphic now includes it in the global total; France added to timeseries global totals, country_breakdown, and declarations.csv this run. SOURCE-VIEW / TIER FLAG: DRC MoH + Uganda MoH + France MoH attributed running wire count carried by BNO; latest WHO reconciliation is Weekly Sitrep 05 (data as of 14 June: DRC 808/192), no Sitrep 06 (confirmed via AFRO DRC publications page this run). Bars provisional on charts (post-14-June hatching). CDC Travel Notices verified unchanged via Chrome this run (combined DRC+Uganda Level 2, affected DRC provinces Level 3, page last reviewed 15 June 2026; no France Ebola notice on the CDC index). x.com credentialed search corroborated the France first case (widely carried) with no figure superseding the BNO June 24 graphic.",2026-06-24
2026-06-25,116,1176,1292,0,306,153,"BACKFILL (added 2026-06-26 run, daily-row policy): [BNO News @BNOFeed Daily Ebola Update graphic embedded-dated JUNE 25, 2026 (""41 days since first case""), posted 7:37 PM 25 June](https://x.com/BNOFeed/status/2070290340859228445) (sourced to MoH DR Congo + MoH Uganda + MoH France + WHO): DR Congo 1,155 confirmed (+37) / 304 confirmed deaths (+13) / 138 recovered (+16); Uganda 20 confirmed (unchanged) / 2 deaths / 15 recovered; France 1 confirmed (unchanged) / 0 deaths / 0 recovered; TOTAL 1,176 confirmed (+37) / 306 deaths (+13) / 153 recovered (+16). Global: suspected 116 (carried from 5 June WHO DON cleaned baseline; BNO tracks confirmed only), confirmed 1176 (DRC 1155 + Uganda 20 + France 1), total 1292, suspected_deaths 0 (column zeroed 30 May), confirmed_deaths 306 (DRC 304 + Uganda 2 + France 0). vs 24 June (116/1139/1255/0/293): confirmed +37, total +37, conf_deaths +13; cumulative non-decreasing. NOTABLE: global confirmed deaths cross 300 (306); DRC CFR ~26.3% (304/1155), past the 25% deaths/case mark. Backfilled because the June 25 scheduled run did not fire; figures read from the dated June 25 graphic via Chrome (image zoomed for per-country split). SOURCE-VIEW / TIER FLAG: DRC MoH + Uganda MoH + France MoH attributed running wire count carried by BNO; latest WHO reconciliation is Weekly Sitrep 05 (data as of 14 June: DRC 808/192), no Sitrep 06 (confirmed via AFRO DRC publications page this run). Bars provisional on charts (post-14-June hatching). x.com credentialed search surfaced qualitative leads only (Amesh Adalja citing a MedPage Today report that ~90% of BVD cases present without hemorrhagic signs; Saudi Arabia imposed a travel ban naming DRC/Uganda/South Sudan), none superseding the BNO June 25 figure. CDC Travel Notices verified unchanged via Chrome this run (combined DRC+Uganda Level 2, affected DRC provinces Level 3, both pages last reviewed 15 June 2026; no France Ebola notice).",2026-06-26
2026-06-26,116,1224,1340,0,323,163,"BACKFILL (added 2026-06-29 run, daily-row policy): [BNO News @BNOFeed Daily Ebola Update graphic embedded-dated JUNE 26, 2026 (""""42 days since first case""""), posted 8:17 PM 26 June](https://x.com/BNOFeed/status/2070632651107516781) (sourced to MoH DR Congo + MoH Uganda + MoH France + WHO): DR Congo 1,203 confirmed (+48) / 321 confirmed deaths (+17) / 148 recovered (+10); Uganda 20 confirmed (unchanged) / 2 deaths / 15 recovered; France 1 confirmed (unchanged) / 0 deaths / 0 recovered; TOTAL 1,224 confirmed (+48) / 323 deaths (+17) / 163 recovered. Global: suspected 116 (carried from 5 June WHO DON cleaned baseline; BNO tracks confirmed only), confirmed 1224 (DRC 1203 + Uganda 20 + France 1), total 1340, suspected_deaths 0 (column zeroed 30 May), confirmed_deaths 323 (DRC 321 + Uganda 2 + France 0). vs 25 June (116/1176/1292/0/306): confirmed +48, total +48, conf_deaths +17; cumulative non-decreasing. DRC CFR ~26.7% (321/1203). Backfilled because the June 26 scheduled run did not fire; figures read from the dated June 26 graphic via Chrome. SOURCE-VIEW / TIER FLAG: DRC MoH + Uganda MoH + France MoH attributed running wire count carried by BNO; latest WHO reconciliation is Weekly Sitrep 06 (data as of 21 June: DRC 1048/267), applied to the June 21 row this run; LAST_SITREP_STABLE_DATE advanced to 2026-06-21. Bars provisional on charts (post-21-June hatching). x.com credentialed search surfaced CDC raising its Ebola emergency response to its highest level on 26 June (VOV World citing CDC; CDC 6/26 briefing), a US agency-posture escalation, not a Travel Health Notice change. CDC Travel Notices verified unchanged this run (DRC Level 3; Uganda/combined DRC+Uganda Level 2).",2026-06-29
2026-06-28,116,1328,1444,0,379,195,"REVISED 2026-06-30 run (WHO Weekly Sitrep 07 reconciliation, source #1 outranks BNO): [WHO Bundibugyo VDD Weekly External Situation Report 07, data as of 28 June 2026](https://www.afro.who.int/countries/democratic-republic-of-congo/publications) reconciles the 28 June cumulative to DR Congo 1,307 confirmed / 377 confirmed deaths (CFR 28.8%), Uganda 20 confirmed + 1 probable / 2 confirmed + 1 probable deaths (total 21 / 3, CFR 14.3%), France 1 confirmed / 0 deaths; global TOTAL 1,328 confirmed / 379 confirmed deaths / 195 recovered, overall CFR 28.5%, 9,968 DRC contacts. Supersedes the original 28 June BNO running count (1,295/362). suspected 116 carried (5 June WHO DON cleaned baseline; WHO Sitrep reports confirmed + probable, no suspected column), suspected_deaths 0 (zeroed 30 May). Upward revision vs prior BNO June 28 row (116/1295/1411/0/362): confirmed +33 (+2.5%), total +33, conf_deaths +17 (+4.7%); cumulative non-decreasing. DRC CFR 28.8% (377/1307), the outbreak high. Uganda 1 probable case / 1 probable death tracked by WHO, not folded into the confirmed columns.",2026-06-30
2026-06-29,116,1328,1444,0,379,195,"[BNO @BNOFeed June 29, 2026 graphic](https://x.com/BNOFeed/status/2071756937591402953) (""45 days since first case"", posted 8:45 PM 29 June; MoH DR Congo + MoH Uganda + MoH France + WHO; read via Chrome, image zoomed for the per-country split): DR Congo 1,307 confirmed / 377 confirmed deaths / 180 recovered; Uganda 20 / 2 / 15 recovered; France 1 / 0; global TOTAL 1,328 confirmed / 379 confirmed deaths / 195 recovered. suspected 116 carried (5 June WHO DON cleaned baseline; BNO tracks confirmed only), suspected_deaths 0 (zeroed 30 May). vs revised 28 June (116/1328/1444/0/379): confirmed +0, total +0, conf_deaths +0 (FLAT). The June 29 BNO graphic per-country figures (DRC 1,307/377, TOTAL 1,328/379) match WHO Weekly Sitrep 07 (data as of 28 June) exactly, so the June 29 graphic is re-publishing the Sitrep 07 reconciled count rather than advancing a fresh June 29 running total; the row is held flat at the Sitrep figure, not interpolated upward. DRC CFR 28.8% (377/1307). Latest WHO reconciliation Weekly Sitrep 07 (as of 28 June); LAST_SITREP_STABLE_DATE advanced to 2026-06-28 so this row renders solid (Sitrep-stable).",2026-06-30
2026-06-30,116,1354,1470,0,401,204,"[BNO News @BNOFeed Daily Ebola Update graphic embedded-dated JUNE 30, 2026 (""46 days since first case""), posted 7:15 PM 30 June](https://x.com/BNOFeed/status/2072096785309270148) (sourced to MoH DR Congo + MoH Uganda + MoH France + WHO; read via Chrome, image zoomed for per-country split): DR Congo 1,333 confirmed (+26) / 399 confirmed deaths (+22) / 189 recovered (+9); Uganda 20 confirmed (unchanged) / 2 deaths / 15 recovered; France 1 confirmed (unchanged) / 0 deaths; TOTAL 1,354 confirmed (+26) / 401 deaths (+22) / 204 recovered (+9). Global: suspected 116 (carried from 5 June WHO DON cleaned baseline; BNO tracks confirmed only), confirmed 1354 (DRC 1333 + Uganda 20 + France 1), total 1470, suspected_deaths 0 (column zeroed 30 May), confirmed_deaths 401 (DRC 399 + Uganda 2 + France 0). vs revised 29 June (116/1328/1444/0/379): confirmed +26, total +26, conf_deaths +22; cumulative non-decreasing. NOTABLE: global confirmed deaths cross 400 (401); DRC CFR ~29.9% (399/1333), approaching 30% and the outbreak high. Outbreak reported to have spread to Haut-Uele, a 4th affected DRC province, via a patient who travelled from the Ituri epicentre (media 29 June, corroborated by Wikipedia/WHO situation tracking; Sitrep 07 counted 35 DRC health zones). SOURCE-VIEW / TIER FLAG: DRC MoH + Uganda MoH + France MoH attributed running wire count carried by BNO; latest WHO reconciliation is Weekly Sitrep 07 (data as of 28 June: global 1,328/379), no Sitrep 08 (weekly cadence; Sitrep 07 published ~29 June; AFRO DRC publications page checked this run). Bars provisional on charts (post-28-June hatching). x.com credentialed search this run surfaced only the UNDP economic-cost warning (~$3.6bn, Al Jazeera/UN News) and the Haut-Uele spread lead; no institutional account posted a cumulative figure superseding the BNO June 30 graphic. CDC Travel Notices unchanged (DRC affected provinces Level 3; combined DRC+Uganda Level 2; no France notice); HAN-00530 and PHEIC unchanged.",2026-06-30
2026-07-01,116,1427,1543,0,440,207,"[BNO News @BNOFeed Daily Ebola Update graphic embedded-dated JULY 1, 2026 (""47 days since first case""), posted evening 1 July](https://x.com/BNOFeed/status/2072492192250151376) (sourced to MoH DR Congo + MoH Uganda + MoH France + WHO; read via Chrome, image zoomed for per-country split): DR Congo 1,406 confirmed (+73) / 438 confirmed deaths (+39) / 192 recovered (+3); Uganda 20 confirmed (unchanged) / 2 deaths / 15 recovered; France 1 confirmed (unchanged) / 0 deaths; TOTAL 1,427 confirmed (+73) / 440 deaths (+39) / 207 recovered (+3). Global: suspected 116 (carried from 5 June WHO DON cleaned baseline; BNO tracks confirmed only), confirmed 1427 (DRC 1406 + Uganda 20 + France 1), total 1543, suspected_deaths 0 (column zeroed 30 May), confirmed_deaths 440 (DRC 438 + Uganda 2 + France 0). vs 30 June (116/1354/1470/0/401): confirmed +73, total +73, conf_deaths +39; cumulative non-decreasing. NOTABLE: global confirmed deaths cross 440; DRC CFR ~31.2% (438/1406), a new outbreak high past the 30% mark. SOURCE-VIEW / TIER FLAG: DRC MoH + Uganda MoH + France MoH attributed running wire count carried by BNO; latest WHO reconciliation is Weekly Sitrep 07 (data as of 28 June: global 1,328/379), no Sitrep 08 (weekly cadence; AFRO DRC publications page checked via Chrome this run, still Sitrep 07). Bars provisional on charts (post-28-June hatching). x.com credentialed search surfaced only the UNDP economic-cost warning (~$3.6bn to African economies, African Insider/UN); no institutional account posted a cumulative figure superseding the BNO July 1 graphic. CDC Travel Notices unchanged (DRC affected provinces Level 3, verified authoritative via Chrome this run, page last reviewed 15 June; combined DRC+Uganda Level 2; no France notice); HAN-00530 and PHEIC unchanged.",2026-07-01
2026-07-02,116,1481,1597,0,454,228,"[BNO News @BNOFeed Daily Ebola Update graphic embedded-dated JULY 2, 2026 (48 days since first case), posted 8:24 PM 2 July](https://x.com/BNOFeed/status/2072838815576674688) (sourced to MoH DR Congo + MoH Uganda + MoH France + WHO; read via Chrome, image zoomed for per-country split): DR Congo 1,460 confirmed (+54) / 447 confirmed deaths (+9) / 213 recovered; Uganda 20 confirmed (unchanged) / 2 deaths / 15 recovered; France 1 confirmed (unchanged) / 0 deaths; TOTAL 1,481 confirmed (+54) / 449 deaths (+9) / 229 recovered. Global: suspected 116 (carried from 5 June WHO DON cleaned baseline; BNO tracks confirmed only), confirmed 1481 (DRC 1460 + Uganda 20 + France 1), total 1597, suspected_deaths 0 (column zeroed 30 May), confirmed_deaths 449 (DRC 447 + Uganda 2 + France 0). vs 1 July (116/1427/1543/0/440): confirmed +54, total +54, conf_deaths +9; cumulative non-decreasing. NOTABLE: global confirmed deaths reach 449; DRC CFR ~30.6% (447/1460), global CFR ~30.3% (449/1481), both past the 30% mark. SOURCE-VIEW / TIER FLAG: DRC MoH + Uganda MoH + France MoH attributed running wire count carried by BNO; latest WHO reconciliation is Weekly Sitrep 07 (data as of 28 June: global 1,328/379), no Sitrep 08 (weekly cadence; AFRO Situation Reports JS widget stuck on Loading this run; WHO DON608 reviewed and is dated 19 June / data as of 17 June DRC 896/232, far superseded, drove no revision). Bars provisional on charts (post-28-June hatching). x.com credentialed search surfaced qualitative leads only (a Vanguard reshare on WHO Ebola framing), none superseding the BNO July 2 figure. CDC Travel Notices verified unchanged via the Chrome-read CDC index this run (DRC affected provinces Level 3, DRC-other + Uganda Level 2, both last reviewed 15 June; no France Ebola notice). REVISED 2026-07-04 run (WHO DON612 reconciliation, source #2 outranks BNO): [WHO Disease Outbreak News DON612, published 3 July 2026, data as of 1 July (DRC) / 2 July (Uganda)](https://www.who.int/emergencies/disease-outbreak-news/item/2026-DON612) reconciles the cumulative to DR Congo 1,460 confirmed / 452 confirmed deaths (crude CFR 30.9%), Uganda 20 confirmed / 2 deaths (imported) plus 1 probable case who died, France 1 confirmed / 0 deaths; global TOTAL 1,481 confirmed / 454 confirmed deaths / 229 recovered (213 DRC + 16 Uganda). confirmed_deaths_global 449->454 (+5, +1.1%) vs the BNO 2 July running count (449); confirmed 1481 unchanged (matches DON612 exactly); suspected 116 and suspected_deaths 0 carried. DRC country_breakdown deaths 447->452. Cumulative non-decreasing. DON612 also records outbreak expansion beyond the original 3 provinces: 3 confirmed cases with Nia Nia HZ (Ituri) travel history reported 30 June in Wamba HZ (Haut-Uele) and Kisangani (Tshopo), counted under Nia Nia; 36 DRC health zones affected (21 active in past 21 days); 102 HCW cases / 25 HCW deaths; Uganda no new cases since 21 June.",2026-07-04
2026-07-03,116,1523,1639,0,475,245,"[BNO News @BNOFeed Daily Ebola Update graphic embedded-dated JULY 3, 2026 (""49 days since first case""), posted evening 3 July](https://x.com/BNOFeed/status/2073152512186536401) (sourced to MoH DR Congo + MoH Uganda + MoH France + WHO; read via Chrome, image zoomed for per-country split): DR Congo 1,502 confirmed (+42) / 473 confirmed deaths (+26) / 229 recovered (+16); Uganda 20 confirmed (unchanged) / 2 deaths / 16 recovered; France 1 confirmed (unchanged) / 0 deaths; TOTAL 1,523 confirmed (+42) / 475 deaths (+26) / 245 recovered (+16). Global: suspected 116 (carried from 5 June WHO DON cleaned baseline; BNO tracks confirmed only), confirmed 1523 (DRC 1502 + Uganda 20 + France 1), total 1639, suspected_deaths 0 (column zeroed 30 May), confirmed_deaths 475 (DRC 473 + Uganda 2 + France 0). vs revised 2 July (116/1481/1597/0/454): confirmed +42, total +42, conf_deaths +21; cumulative non-decreasing. NOTABLE: DRC CFR ~31.5% (473/1502), global CFR ~31.2% (475/1523), new outbreak highs past the 30% mark. SOURCE-VIEW / TIER FLAG: DRC MoH + Uganda MoH + France MoH attributed running wire count carried by BNO; latest WHO reconciliation is DON612 (3 July, data as of 1-2 July: global 1,481/454), which this fresh July 3 running count supersedes. No Weekly Sitrep 08 yet (Sitrep 07 as of 28 June remains the latest Sitrep; AFRO Situation Reports JS widget stuck on Loading this run; a Sitrep 08 as-of ~5 July cannot exist on 4 July). Bars provisional on charts (post-28-June hatching). x.com credentialed search this run surfaced only a qualitative lead (WHO-sponsored antiviral trial of MBP134 + remdesivir beginning in Ituri, via Health Policy Watch); no institutional account posted a cumulative figure superseding the BNO July 3 graphic. CDC Travel Notices unchanged (DRC affected provinces Level 3; DRC-other + Uganda Level 2; no France notice); HAN-00530 and PHEIC unchanged.",2026-07-03
2026-07-04,116,1549,1665,0,494,256,"[BNO News @BNOFeed Daily Ebola Update graphic embedded-dated JULY 4, 2026 (""50 days since first case""), posted evening 4 July](https://x.com/BNOFeed/status/2073535524950692313) (sourced to MoH DR Congo + MoH Uganda + MoH France + WHO; read via Chrome, image zoomed for per-country split): DR Congo 1,528 confirmed (+26) / 492 confirmed deaths (+19) / 239 recovered (+10); Uganda 20 confirmed (unchanged) / 2 deaths / 16 recovered; France 1 confirmed (unchanged) / 0 deaths / 1 recovered (+1); TOTAL 1,549 confirmed (+26) / 494 deaths (+19) / 256 recovered (+11). Global: suspected 116 (carried from 5 June WHO DON cleaned baseline; BNO tracks confirmed only), confirmed 1549 (DRC 1528 + Uganda 20 + France 1), total 1665, suspected_deaths 0 (column zeroed 30 May), confirmed_deaths 494 (DRC 492 + Uganda 2 + France 0). vs revised 3 July (116/1523/1639/0/475): confirmed +26, total +26, conf_deaths +19; cumulative non-decreasing. NOTABLE: global confirmed deaths reach 494, approaching 500; DRC CFR ~32.2% (492/1528), global CFR ~31.9% (494/1549), new outbreak highs. This 5 July run appends the 4 July row because the 4 July scheduled run did not fire (prior last row 3 July); no BNO 5 July graphic posted yet as of the run (latest @BNOFeed post is the 4 July graphic, ~14h old). SOURCE-VIEW / TIER FLAG: DRC MoH + Uganda MoH + France MoH attributed running wire count carried by BNO; latest WHO reconciliation is DON612 (3 July, data as of 1-2 July: global 1,481/454), and Weekly Sitrep 07 (data as of 28 June) remains the newest Sitrep (AFRO Situation Reports list read via Chrome this run, still Sitrep 07; no Sitrep 08). Bars provisional on charts (post-28-June hatching). x.com credentialed search this run surfaced only qualitative leads (WHO 'highest weekly rise since outbreak began' framing via Southern African Times; the MBP134 + remdesivir antiviral trial in Ituri already noted 3 July); no institutional account posted a cumulative figure superseding the BNO July 4 graphic. CDC Travel Notices verified unchanged via the Chrome-read CDC index this run (DRC affected provinces Level 3, DRC-other + Uganda Level 2, both last reviewed 15 June; no France notice); HAN-00530 and PHEIC unchanged.",2026-07-04
2026-07-05,116,1645,1761,0,523,271,"[BNO News @BNOFeed Daily Ebola Update graphic embedded-dated JULY 5, 2026 (""51 days since first case""), posted evening 5 July](https://x.com/BNOFeed/status/2073986670869811284) (sourced to MoH DR Congo + MoH Uganda + MoH France + WHO; read via Chrome, image zoomed for per-country split): DR Congo 1,561 confirmed (+33) / 506 confirmed deaths (+14) / 254 recovered (+15); Uganda 20 confirmed (unchanged) / 2 deaths / 16 recovered; France 1 confirmed (unchanged) / 0 deaths / 1 recovered; TOTAL 1,582 confirmed (+33) / 508 deaths (+14) / 271 recovered (+15). Global: suspected 116 (carried from 5 June WHO DON cleaned baseline; BNO tracks confirmed only), confirmed 1582 (DRC 1561 + Uganda 20 + France 1), total 1698, suspected_deaths 0 (column zeroed 30 May), confirmed_deaths 508 (DRC 506 + Uganda 2 + France 0). vs 4 July (116/1549/1665/0/494): confirmed +33, total +33, conf_deaths +14; cumulative non-decreasing. NOTABLE: global confirmed deaths cross 500 (508); DRC CFR ~32.4% (506/1561), global CFR ~32.1% (508/1582), new outbreak highs. SOURCE-VIEW / TIER FLAG: DRC MoH + Uganda MoH + France MoH attributed running wire count carried by BNO; latest WHO reconciliation is DON612 (3 July, data as of 1-2 July: global 1,481/454) and Weekly Sitrep 07 (data as of 28 June) remains the newest Sitrep (AFRO Situation Reports list read via Chrome this run, still Sitrep 07; no Sitrep 08). Bars provisional on charts (post-28-June hatching). x.com credentialed search this run surfaced only qualitative leads (CNBC framing US/foreign-aid cuts as exacerbating the central-Africa Ebola outbreak; CORE Group Ebola Communication Network relaunch); no institutional account posted a cumulative figure superseding the BNO July 5 graphic. CDC Travel Notices unchanged (DRC affected provinces Level 3; DRC-other + Uganda Level 2; no France notice), verified via Chrome on the 5 July AM run; HAN-00530 and PHEIC unchanged. REVISED 2026-07-12 run (WHO Weekly Sitrep 08 reconciliation, source #1 outranks BNO): [WHO Bundibugyo VDD Weekly External Situation Report 08, data as of 05 July 2026, published 5 July](https://www.afro.who.int/health-topics/ebola-disease/outbreak-drc-26) reconciles the 5 July cumulative to 3 countries affected / 1,645 confirmed cases / 523 confirmed deaths / CFR 31.8% / 12,417 contacts to follow. Supersedes the BNO 5 July running count (1,582/508). Upward revision: confirmed 1582->1645 (+4.0%), total 1698->1761 (+3.7%), confirmed_deaths 508->523 (+3.0%); suspected 116 and suspected_deaths 0 carried. Per-country split not printed in the Sitrep cover panel; derived as DRC 1,624 / 521, Uganda 20 / 2, France 1 / 0, which matches the BNO 6 July graphic exactly (Uganda and France flat since 21 June and 24 June respectively). The reconciled 5 July figure equals the existing 6 July row (1,645/523), so the 5->6 July delta is now flat; the 6 July BNO running count is held, not raised (same pattern as the 29 June row, where BNO re-published the Sitrep 07 count). Cumulative non-decreasing. NOTE: the 2026-07-11 run rejected an unattributed edit citing exactly these Sitrep 08 figures because it could not see the JS-rendered AFRO Situation Reports list without Chrome; Sitrep 08 is real and the figures are confirmed this run via Chrome.",2026-07-12
2026-07-06,116,1645,1761,0,523,290,"BACKFILL (added 2026-07-08 follow-up run, daily-row policy; the 2026-07-07 run left 6-7 July as gaps because Chrome/@BNOFeed was unavailable): [BNO News @BNOFeed Daily Ebola Update graphic embedded-dated JULY 6, 2026 (52 days since first case), posted 7 July](https://x.com/BNOFeed/status/2074567369209401437) (MoH DR Congo + MoH Uganda + MoH France + WHO; read via Chrome, image zoomed for per-country split): DR Congo 1,624 confirmed (+63) / 521 deaths (+15) / 273 recovered (+19); Uganda 20 confirmed (unchanged) / 2 deaths / 16 recovered; France 1 confirmed (unchanged) / 0 deaths / 1 recovered; TOTAL 1,645 confirmed (+63) / 523 deaths (+15) / 290 recovered. Global: suspected 116 (carried, 5 June WHO DON cleaned baseline; BNO tracks confirmed only), confirmed 1645 (DRC 1624 + Uganda 20 + France 1), total 1761, suspected_deaths 0 (zeroed 30 May), confirmed_deaths 523 (DRC 521 + Uganda 2). vs 5 July (116/1582/1698/0/508): confirmed +63, total +63, conf_deaths +15; cumulative non-decreasing. DRC CFR ~32.1% (521/1624), global CFR ~31.8% (523/1645). Latest WHO reconciliation Weekly Sitrep 07 (data as of 28 June) / DON612 (as of 1-2 July); bars provisional post-28-June (hatched).",2026-07-08
2026-07-07,116,1729,1845,0,582,298,"[BNO News @BNOFeed Daily Ebola Update graphic embedded-dated JULY 7, 2026 (53 days since first case), posted 5:43 AM 8 July](https://x.com/BNOFeed/status/2074791362377969887) (MoH DR Congo + MoH Uganda + MoH France + WHO; read via Chrome, image zoomed for per-country split): DR Congo 1,708 confirmed (+84) / 580 deaths (+59) / 280 recovered (+7); Uganda 20 confirmed (unchanged) / 2 deaths / 17 recovered (+1); France 1 confirmed (unchanged) / 0 deaths / 1 recovered; TOTAL 1,729 confirmed (+84) / 582 deaths (+59) / 298 recovered. Global: suspected 116 (carried), confirmed 1729 (DRC 1708 + Uganda 20 + France 1), total 1845, suspected_deaths 0, confirmed_deaths 582 (DRC 580 + Uganda 2). vs 6 July (116/1645/1761/0/523): confirmed +84, total +84, conf_deaths +59; cumulative non-decreasing. NOTABLE: the +59 DRC deaths in one day is the largest single-day death jump of the outbreak (prior high +39 on 1 July), coinciding with an Ituri health-worker strike over unpaid benefits and a Congo MoH reporting delay flagged by BNO (BNO notes the 7 July figure is 'technically Tuesday's update', released late). DRC CFR ~34.0% (580/1708), global CFR ~33.7% (582/1729), new outbreak highs. SOURCE-VIEW / TIER FLAG: DRC MoH + Uganda MoH + France MoH running wire count carried by BNO; latest WHO reconciliation is DON612 (3 July, as of 1-2 July: global 1,481/454) and Weekly Sitrep 07 (as of 28 June) remains the newest Sitrep (AFRO Situation Reports list read via Chrome this run, still Sitrep 07, no Sitrep 08). Bars provisional post-28-June. CDC Travel Notices carried unchanged from the 5 July Chrome verification (DRC affected provinces Level 3; DRC-other + Uganda Level 2; no France notice); HAN-00530 and PHEIC unchanged.",2026-07-08
2026-07-08,116,1780,1896,0,602,303,"BACKFILL (added 2026-07-10 run, daily-row policy; the 8 and 9 July scheduled runs did not fire): [BNO News @BNOFeed Daily Ebola Update graphic embedded-dated JULY 8, 2026 (54 days since first case), posted 9 July](https://x.com/BNOFeed/status/2075080105777336802) (MoH DR Congo + MoH Uganda + MoH France + WHO; read via Chrome, image zoomed for per-country split): DR Congo 1,759 confirmed (+51) / 600 deaths (+20) / 285 recovered (+5); Uganda 20 confirmed (unchanged) / 2 deaths / 17 recovered; France 1 confirmed (unchanged) / 0 deaths / 1 recovered; TOTAL 1,780 confirmed (+51) / 602 deaths (+20) / 303 recovered (+5). Global: suspected 116 (carried, 5 June WHO DON cleaned baseline; BNO tracks confirmed only), confirmed 1780 (DRC 1759 + Uganda 20 + France 1), total 1896, suspected_deaths 0 (zeroed 30 May), confirmed_deaths 602 (DRC 600 + Uganda 2). vs 7 July (116/1729/1845/0/582): confirmed +51, total +51, conf_deaths +20; cumulative non-decreasing. DRC CFR ~34.1% (600/1759). Latest WHO reconciliation Weekly Sitrep 07 (data as of 28 June) / DON612 (as of 1-2 July); bars provisional post-28-June (hatched).",2026-07-10
2026-07-09,116,1813,1929,0,627,313,"[BNO News @BNOFeed Daily Ebola Update graphic embedded-dated JULY 9, 2026 (55 days since first case), posted evening 9 July](https://x.com/BNOFeed/status/2075377805882212425) (MoH DR Congo + MoH Uganda + MoH France + WHO; read via Chrome, image zoomed for per-country split): DR Congo 1,792 confirmed (+33) / 625 deaths (+25) / 295 recovered (+10); Uganda 20 confirmed (unchanged) / 2 deaths / 17 recovered; France 1 confirmed (unchanged) / 0 deaths / 1 recovered; TOTAL 1,813 confirmed (+33) / 627 deaths (+25) / 313 recovered (+10). Global: suspected 116 (carried), confirmed 1813 (DRC 1792 + Uganda 20 + France 1), total 1929, suspected_deaths 0, confirmed_deaths 627 (DRC 625 + Uganda 2). vs 8 July (116/1780/1896/0/602): confirmed +33, total +33, conf_deaths +25; cumulative non-decreasing. NOTABLE: global confirmed deaths reach 627; DRC CFR ~34.9% (625/1792), global CFR ~34.6% (627/1813), new outbreak highs approaching 35%. SOURCE-VIEW / TIER FLAG: DRC MoH + Uganda MoH + France MoH running wire count carried by BNO; latest WHO reconciliation is DON612 (3 July, as of 1-2 July: global 1,481/454) and Weekly Sitrep 07 (as of 28 June) remains the newest Sitrep (AFRO Situation Reports list read via Chrome this run, still Sitrep 07, no Sitrep 08). Bars provisional post-28-June. 10 July left as a gap this run (no BNO 10 July graphic posted yet; @BNOFeed's newest is the 9 July graphic; to backfill next run). x.com credentialed search surfaced qualitative leads only (Dr. Zaher Sahloul / NPR 'death toll reaches 600' corroborating the 8 July DRC 1,759/600 figure; CGTN Africa orphans coverage); none superseding the 9 July count. CDC Travel Notices verified unchanged via Chrome per-country pages (DRC affected provinces Level 3, DRC-other + Uganda Level 2, both last reviewed 15 June); HAN-00530 and PHEIC unchanged.",2026-07-10
2026-07-10,116,1851,1967,0,650,313,"BACKFILL (added 2026-07-12 run, daily-row policy; the 10 and 11 July scheduled runs did not fire): [BNO News @BNOFeed Daily Ebola Update graphic embedded-dated JULY 10, 2026 (56 days since first case)](https://x.com/BNOFeed/status/2075727475590484388) (sourced to MoH DR Congo + MoH Uganda + MoH France + WHO; read via Chrome, image zoomed for per-country split): DR Congo 1,830 confirmed (+38) / 648 deaths (+23) / 295 recovered; Uganda 20 confirmed (unchanged) / 2 deaths / 17 recovered; France 1 confirmed (unchanged) / 0 deaths / 1 recovered; TOTAL 1,851 confirmed (+38) / 650 deaths (+23) / 313 recovered. Global: suspected 116 (carried, 5 June WHO DON cleaned baseline; BNO tracks confirmed only), confirmed 1851 (DRC 1830 + Uganda 20 + France 1), total 1967, suspected_deaths 0 (zeroed 30 May), confirmed_deaths 650 (DRC 648 + Uganda 2). vs 9 July (116/1813/1929/0/627): confirmed +38, total +38, conf_deaths +23; cumulative non-decreasing. NOTABLE: global confirmed deaths cross 650; DRC CFR ~35.4% (648/1830), global CFR ~35.1% (650/1851), new outbreak highs. SOURCE-VIEW / TIER FLAG: latest WHO reconciliation is Weekly Sitrep 08 (data as of 5 July: global 1,645/523, CFR 31.8%), applied to the 5 July row this run; LAST_SITREP_STABLE_DATE advanced to 2026-07-05. Bars provisional post-5-July. 11 and 12 July left as GAPS: @BNOFeed has published no Daily Ebola Update since the 10 July graphic (verified via Chrome on the profile timeline and the from:BNOFeed search), and no other daily source carries a cumulative figure for those dates; per METHODOLOGY ""Backfilling missed days"" a gap date with no daily source is left un-rowed, not interpolated. CDC Travel Notices verified unchanged via Chrome per-country pages this run (DRC affected provinces Level 3; DRC-other + Uganda Level 2; both last reviewed 15 June 2026; no France notice); HAN-00530 and the 17 May PHEIC unchanged.",2026-07-12
2026-07-11,116,1894,2010,0,674,324,"BACKFILL (added 2026-07-13 run, daily-row policy; the 2026-07-12 run left 11-12 July as gaps because @BNOFeed had not yet published; BNO resumed on 12 July with two graphics): [BNO News @BNOFeed Daily Ebola Update graphic embedded-dated JULY 11, 2026 (57 days since first case), posted 4:32 PM 12 July](https://x.com/BNOFeed/status/2076404299861512653) (sourced to MoH DR Congo + MoH Uganda + MoH France + WHO; read via Chrome, image zoomed for per-country split): DR Congo 1,873 confirmed (+43) / 672 deaths (+24) / 306 recovered (+11); Uganda 20 confirmed (unchanged) / 2 deaths / 17 recovered; France 1 confirmed (unchanged) / 0 deaths / 1 recovered; TOTAL 1,894 confirmed (+43) / 674 deaths (+24) / 324 recovered (+11). Global: suspected 116 (carried, 5 June WHO DON cleaned baseline; BNO tracks confirmed only), confirmed 1894 (DRC 1873 + Uganda 20 + France 1), total 2010, suspected_deaths 0 (zeroed 30 May), confirmed_deaths 674 (DRC 672 + Uganda 2). vs 10 July (116/1851/1967/0/650): confirmed +43, total +43, conf_deaths +24; cumulative non-decreasing. NOTABLE: global confirmed deaths cross 674; DRC CFR ~35.9% (672/1873), global CFR ~35.6% (674/1894), new outbreak highs. Latest WHO reconciliation Weekly Sitrep 08 (data as of 5 July: global 1,645/523, CFR 31.8%); bars provisional post-5-July (hatched).",2026-07-13
2026-07-12,116,1984,2100,0,721,336,"[BNO News @BNOFeed Daily Ebola Update graphic embedded-dated JULY 12, 2026 (58 days since first case), posted 8:30 PM 12 July](https://x.com/BNOFeed/status/2076464126495179108) (sourced to MoH DR Congo + MoH Uganda + MoH France + WHO; read via Chrome, image zoomed for per-country split): DR Congo 1,926 confirmed (+53) / 702 deaths (+30) / 318 recovered (+12); Uganda 20 confirmed (unchanged) / 2 deaths / 17 recovered; France 1 confirmed (unchanged) / 0 deaths / 1 recovered; TOTAL 1,947 confirmed (+53) / 704 deaths (+30) / 336 recovered (+12). Global: suspected 116 (carried), confirmed 1947 (DRC 1926 + Uganda 20 + France 1), total 2063, suspected_deaths 0, confirmed_deaths 704 (DRC 702 + Uganda 2). vs 11 July (116/1894/2010/0/674): confirmed +53, total +53, conf_deaths +30; cumulative non-decreasing. CORROBORATED INDEPENDENTLY: Reuters, citing the DRC Institut National de Sante Publique report released late Sunday 12 July, gives DRC 1,926 confirmed cases including 702 deaths - an exact match to the BNO graphic, so the running count is carried by two sources this run. NOTABLE: global confirmed deaths cross 700 (704); DRC CFR ~36.4% (702/1926), global CFR ~36.2% (704/1947), new outbreak highs. MATERIAL NARRATIVE: the DRC INSP formally designated Haut-Uele and Tshopo as epidemic zones (4 cases including 2 deaths in Tshopo, 1 death in Haut-Uele, all judged imported from Nia Nia HZ in Ituri), taking the outbreak from 3 to 5 affected provinces; Tshopo contains Kisangani, one of the DRC's largest cities, and Haut-Uele borders South Sudan and the Central African Republic (https://www.cnbcafrica.com/2026/congo-says-ebola-outbreak-spreads-to-provinces-haut-uele-and-tshopo). SOURCE-VIEW / TIER FLAG: latest WHO reconciliation is Weekly Sitrep 08 (data as of 5 July: global 1,645/523); AFRO Situation Reports list read via Chrome this run, still Sitrep 08, no Sitrep 09. Bars provisional post-5-July. 13 July left as a GAP this run: @BNOFeed publishes its Daily Ebola Update in the evening and has posted none for 13 July as of this run; to backfill next run. CDC Travel Notices verified unchanged via the Chrome-read CDC index this run (DRC affected provinces Level 3; DRC-other + Uganda Level 2; both last reviewed 15 June 2026; no France notice); HAN-00530 and the 17 May PHEIC unchanged. REVISED 2026-07-14 run (WHO Weekly Sitrep 09 reconciliation, source #1 outranks BNO): [WHO Bundibugyo VDD Weekly External Situation Report 09, data as of 12 July 2026, published 12 July](https://www.afro.who.int/countries/democratic-republic-of-congo/publication/ebola-bundibugyo-virus-disease-outbreak-2) reconciles the 12 July cumulative to DR Congo 1,963 confirmed / 719 confirmed deaths (CFR 36.6%), Uganda 20 confirmed + 1 probable / 2 confirmed + 1 probable deaths (total 21 / 3, CFR 14.3%), France 1 confirmed / 0 deaths; global TOTAL 1,984 confirmed / 721 confirmed deaths. Supersedes the BNO 12 July running count (1,947/704). Upward revision: confirmed 1947->1984 (+1.9%), total 2063->2100, confirmed_deaths 704->721 (+2.4%); suspected 116 and suspected_deaths 0 carried. DRC country_breakdown cases 1926->1963, deaths 702->719. Cumulative non-decreasing. Sitrep 09 records intensification: +339 confirmed cases and +198 confirmed deaths since Sitrep 08 (as of 5 July), CFR 32.1%->36.6%; geographic expansion 3->5 provinces (Haut-Uele and Tshopo added) and 36->42 health zones (33 with active transmission); 88.3% bed occupancy; 12,370 contacts; average daily growth 2.3% (95% CI 2.0-2.5%). LAST_SITREP_STABLE_DATE advanced to 2026-07-12.",2026-07-14
2026-07-13,116,1984,2100,0,721,351,"BACKFILL (added 2026-07-14 run, daily-row policy; the 2026-07-13 run left 13 July a gap because @BNOFeed had not yet published the 13 July graphic): [BNO News @BNOFeed Daily Ebola Update graphic embedded-dated JULY 13, 2026 (""59 days since first case""), posted morning 14 July](https://x.com/BNOFeed/status/2077041388084936939) (sourced to MoH DR Congo + MoH Uganda + MoH France + WHO; read via Chrome, image zoomed for per-country split): DR Congo 1,963 confirmed (+37) / 719 confirmed deaths (+17) / 333 recovered (+15); Uganda 20 confirmed (unchanged) / 2 deaths / 17 recovered; France 1 confirmed (unchanged) / 0 deaths / 1 recovered; TOTAL 1,984 confirmed (+37) / 721 deaths (+17) / 351 recovered (+15). Global: suspected 116 (carried, 5 June WHO DON cleaned baseline; BNO tracks confirmed only), confirmed 1984 (DRC 1963 + Uganda 20 + France 1), total 2100, suspected_deaths 0 (zeroed 30 May), confirmed_deaths 721 (DRC 719 + Uganda 2). vs revised 12 July (116/1984/2100/0/721): confirmed +0, total +0, conf_deaths +0 (FLAT). The BNO 13 July per-country figures (DRC 1,963/719, TOTAL 1,984/721) match WHO Weekly Sitrep 09 (data as of 12 July) exactly, so the 13 July graphic re-publishes the Sitrep 09 reconciled count rather than advancing a fresh 13 July running total; the row is held flat at the Sitrep figure, not raised (same pattern as the 29 June and 6 July rows). DRC CFR 36.6% (719/1963), global CFR 36.3% (721/1984), outbreak highs. Latest WHO reconciliation Weekly Sitrep 09 (as of 12 July); LAST_SITREP_STABLE_DATE advanced to 2026-07-12, so this row renders provisional (post-12-July hatching). 14 July left as a GAP this run: @BNOFeed's newest post is the 13 July graphic; no 14 July Daily Ebola Update posted yet (BNO posts evenings); to backfill next run. x.com credentialed search this run surfaced only a stale Health Policy Watch / Africa CDC weekly figure (1,759 / 600, the 8 July count); nothing superseding the Sitrep 09 / BNO 13 July figure. CDC Travel Notices verified unchanged via Chrome this run (DRC affected provinces Level 3, page last reviewed 15 June 2026; DRC-other + Uganda Level 2; no France notice); CDC has not re-scoped the Level 3 notice to the 2 new provinces (Haut-Uele, Tshopo). HAN-00530 and the 17 May PHEIC unchanged.",2026-07-14
2026-07-14,116,2094,2210,0,798,384,"REVISED 2026-07-20 run (upward reconciliation, DRC MoH via ECDC + WHO DON613 chain; source-preference outranks the BNO running count). [ECDC Ebola outbreak page, updated 17 July 14:15](https://www.ecdc.europa.eu/en/ebola-outbreak-democratic-republic-congo-and-uganda) states DRC's report of 15 July carried ""data up until 14 July"" and that the 16 July report of 2,124 confirmed / 828 deaths represented ""an increase of 51 new confirmed cases and 32 deaths since the previous report of 15 July"" -- fixing the data-as-of-14-July figure at DR Congo 2,073 confirmed / 796 deaths. This is the same figure WHO DG Tedros cited at the 16 July media briefing (""2073 cases have been reported, with 796 deaths""), which the 2026-07-16 row previously carried; the DG was quoting the 15 July report, i.e. data as of 14 July, so the figure is re-seated on its correct data date here. Uganda 20 confirmed / 2 deaths and France 1 confirmed / 0 deaths carried. Global: suspected 116 (carried, 5 June WHO DON cleaned baseline), confirmed 2094 (DRC 2073 + Uganda 20 + France 1), total 2210, suspected_deaths 0 (zeroed 30 May), confirmed_deaths 798 (DRC 796 + Uganda 2). Supersedes the BNO @BNOFeed JULY 14 graphic running count (2,032 confirmed / 756 deaths): confirmed 2032->2094 (+3.05%), total 2148->2210 (+2.89%), confirmed_deaths 756->798 (+5.56%); suspected 116 and suspected_deaths 0 unchanged. Cumulative non-decreasing. DRC CFR ~38.4% (796/2073), global CFR ~38.1% (798/2094).",2026-07-20
2026-07-15,116,2145,2261,0,830,,"BACKFILL (added 2026-07-20 run, daily-row policy; the 15 July scheduled run did not produce a row and the 2026-07-17 run left 15 July a gap because @BNOFeed had published no Daily Ebola Update since its 14 July graphic). SOURCE #2, GOLD-TIER: [WHO Disease Outbreak News DON613, published 17 July 2026, data as of 15 July 2026](https://www.who.int/emergencies/disease-outbreak-news/item/2026-DON613): ""As of 15 July 2026, a total of 2124 confirmed cases, including 828 deaths (crude case fatality ratio [CFR] 39%) have been reported in the Democratic Republic of Congo."" DON613 gives the global roll-up explicitly: ""In total, 2145 confirmed cases have been reported: 2124 in the Democratic Republic of the Congo (including two cases with diagnosis in the Democratic Republic of the Congo and subsequent treatment in Germany), 20 in Uganda and one in France. A total of 830 deaths has been reported, including two in Uganda."" Global: suspected 116 (carried, 5 June WHO DON cleaned baseline), confirmed 2145, total 2261, suspected_deaths 0 (zeroed 30 May), confirmed_deaths 830. vs revised 14 July (116/2094/2210/0/798): confirmed +51, total +51, conf_deaths +32; cumulative non-decreasing -- and those deltas match ECDC's independently-stated ""increase of 51 new confirmed cases and 32 deaths since the previous report of 15 July"" exactly. NOTABLE: DON613 puts the DRC crude CFR at 39%, an outbreak high; 46 health zones across five provinces affected, 38 still active (cases in the past 21 days); 969 confirmed cases including 524 confirmed deaths in the past 21 days; 119 health-worker infections with 36 deaths (HCW CFR 30.3%); 12,693 contacts under follow-up. Corroborated by [ECDC](https://www.ecdc.europa.eu/en/ebola-outbreak-democratic-republic-congo-and-uganda), which relays the same DRC MoH report of 16 July. Bars provisional post-12-July (Sitrep 09 boundary).",2026-07-20
2026-07-16,116,2145,2261,0,830,,"REVISED 2026-07-20 run. This row previously carried the WHO DG's 16 July media-briefing figure (DRC 2,073/796); that figure is data as of 14 July (see the 2026-07-14 row) and has been re-seated on its correct data date. No DRC Ministry of Health daily situation report carrying data as of 16 July was published or located this run -- the 17 July publication slot was taken by [WHO DON613](https://www.who.int/emergencies/disease-outbreak-news/item/2026-DON613) (data as of 15 July) and the next located wire figure, 2,181 confirmed / 864 deaths, is data as of 17 July. The row is therefore HELD FLAT at the DON613 as-of-15-July reconciled figure rather than raised or interpolated (same held-flat pattern as the 29 June, 6 July and 13 July rows; per METHODOLOGY a date with no fresh daily source is not interpolated). Global: suspected 116 (carried), confirmed 2145 (DRC 2124 + Uganda 20 + France 1), total 2261, suspected_deaths 0, confirmed_deaths 830 (DRC 828 + Uganda 2). vs 15 July: FLAT (+0/+0/+0). Revision vs the prior contents of this row (2094/2210/798): confirmed +2.44%, total +2.31%, confirmed_deaths +4.01%; cumulative non-decreasing. MATERIAL NARRATIVE retained from this date: Uganda discharged its last Ebola patient from the Mulago National Referral Isolation Centre on 16 July after two negative tests and began the 42-day countdown to an end-of-outbreak declaration (DON613 confirms).",2026-07-20
2026-07-17,116,2202,2318,0,866,,"BACKFILL (added 2026-07-20 run, daily-row policy; @BNOFeed published no Daily Ebola Update between its 14 July and 19 July graphics, so the 2026-07-17 run could not source this date). [Reuters, carried by CGTN, 18 July 2026](https://news.cgtn.com/news/2026-07-18/news-1ORZ61nytaw/p.html): ""Democratic Republic of Congo says number of confirmed Ebola cases rises to 2,181, including 864 deaths"", from the DRC Ministry of Health daily situation report released 18 July (data as of 17 July, on the one-day reporting lag ECDC documents for this series). Uganda 20 confirmed / 2 deaths carried (no new case since 21 June; last patient discharged 16 July), France 1 confirmed / 0 deaths carried. Global: suspected 116 (carried), confirmed 2202 (DRC 2181 + Uganda 20 + France 1), total 2318, suspected_deaths 0, confirmed_deaths 866 (DRC 864 + Uganda 2). vs 16 July (116/2145/2261/0/830): confirmed +57, total +57, conf_deaths +36; cumulative non-decreasing. DRC CFR ~39.6% (864/2181), global CFR ~39.3% (866/2202), new outbreak highs. Bars provisional post-12-July.",2026-07-20
2026-07-18,116,2288,2404,0,895,,"BACKFILL (added 2026-07-20 run, daily-row policy; see the 17 July row for the @BNOFeed publication gap). [Reuters, carried by Asharq Al-Awsat, published 09:47 19 July 2026](https://english.aawsat.com/world/5297648-congo-says-number-confirmed-ebola-cases-rises-2267-including-893-deaths): ""The number of confirmed Ebola cases in the Democratic Republic of Congo has increased to 2,267, including 893 deaths, government data showed late on Saturday... according to a situation report that documented 86 new cases and 29 new deaths in the previous 24 hours."" The +86 / +29 deltas chain exactly onto the 17 July figure (2,181 + 86 = 2,267; 864 + 29 = 893), confirming the reconstruction. Uganda 20 confirmed / 2 deaths and France 1 confirmed / 0 deaths carried. Global: suspected 116 (carried), confirmed 2288 (DRC 2267 + Uganda 20 + France 1), total 2404, suspected_deaths 0, confirmed_deaths 895 (DRC 893 + Uganda 2). vs 17 July (116/2202/2318/0/866): confirmed +86, total +86, conf_deaths +29; cumulative non-decreasing. DRC CFR ~39.4% (893/2267), global CFR ~39.1% (895/2288). DATING NOTE: the Asharq Al-Awsat/Reuters text says the figure is ""as of Friday"" (17 July), which cannot be reconciled with the separately-reported 2,181/864 for 17 July without producing a dip; the figure is seated on 18 July, the date the chained deltas and the BNO 19 July graphic both support. Flagged for Web. Bars provisional post-12-July.",2026-07-20
2026-07-19,116,2365,2481,0,932,485,"[BNO News @BNOFeed Daily Ebola Update graphic embedded-dated JULY 19, 2026 (""65 DAYS SINCE FIRST CASE""), posted 8:21 PM 19 July](https://x.com/BNOFeed/status/2078968418619793891) (sourced to Ministry of Health DR Congo + Ministry of Health Uganda + Ministry of Health France + WHO; read via Chrome, image zoomed for the per-country split): DR Congo 2,344 confirmed (+77) / 930 deaths (+37) / 466 recovered (+22); Uganda 20 confirmed (-) / 2 deaths (-) / 18 recovered; France 1 confirmed (-) / 0 deaths (-) / 1 recovered; TOTAL 2,365 confirmed (+77) / 932 deaths (+37) / 485 recovered (+22). The graphic's own +77 / +37 deltas chain exactly onto the 18 July figure (2,267 + 77 = 2,344; 893 + 37 = 930), independently corroborating the backfilled 17 and 18 July rows. Global: suspected 116 (carried, 5 June WHO DON cleaned baseline; BNO tracks confirmed only), confirmed 2365 (DRC 2344 + Uganda 20 + France 1), total 2481, suspected_deaths 0 (zeroed 30 May), confirmed_deaths 932 (DRC 930 + Uganda 2). vs 18 July (116/2288/2404/0/895): confirmed +77, total +77, conf_deaths +37; cumulative non-decreasing. NOTABLE: global confirmed deaths approach 1,000 (932); DRC CFR ~39.7% (930/2344), global CFR ~39.4% (932/2365), new outbreak highs closing on 40%. SOURCE-VIEW / TIER FLAG: DRC MoH + Uganda MoH + France MoH running wire count carried by BNO; latest WHO reconciliation is DON613 (published 17 July, data as of 15 July: global 2,145/830) and Weekly Sitrep 09 (data as of 12 July) remains the newest Sitrep (AFRO Situation Reports list read via Chrome this run: still Sitrep 09, no Sitrep 10 despite the Tuesday cadence putting Sitrep 10 nominally due 19 July). LAST_SITREP_STABLE_DATE stays 2026-07-12; bars post-12-July provisional. 20 July left as a GAP this run: @BNOFeed posts its Daily Ebola Update in the evening and has published none for 20 July as of this run; to backfill next run. x.com credentialed search surfaced qualitative leads only (Tedros / Chikwe Ihekweazu / Jean Kaseya Lancet Infectious Diseases piece on the outbreak exposing a diagnostics preparedness gap, flagged by Krutika Kuppalli; Society for Disease Prevention noting >80% of new infections originate outside known contact lists); none superseding the 19 July count. CDC Travel Notices verified unchanged via Chrome on the per-country pages this run (DRC affected provinces Haut-Uele/Ituri/Nord-Kivu/Tshopo Level 3; DRC-other + Uganda Level 2; both pages last reviewed 15 July 2026; no France notice); HAN-00530 and the 17 May PHEIC unchanged.",2026-07-20
2026-07-20,116,2444,2560,0,969,488,"[BNO News @BNOFeed Daily Ebola Update graphic embedded-dated JULY 20, 2026 (""66 DAYS SINCE FIRST CASE""), posted 20 July](https://x.com/BNOFeed/status/2079375668312158319) (sourced to Ministry of Health DR Congo + Ministry of Health Uganda + Ministry of Health France + WHO; read via Chrome, image zoomed for the per-country split): DR Congo 2,423 confirmed (+79) / 967 deaths (+37) / 469 recovered (+3); Uganda 20 confirmed (-) / 2 deaths (-) / 18 recovered; France 1 confirmed (-) / 0 deaths (-) / 1 recovered; TOTAL 2,444 confirmed (+79) / 969 deaths (+37) / 488 recovered (+3). CORROBORATED INDEPENDENTLY: [Xinhua, Kinshasa dateline 20 July 2026](https://english.news.cn/africa/20260721/e03d1aa76f604d4fb91d33061c7a5eec/c.html) reports the DRC health authorities' update at 2,423 confirmed cases including 967 deaths, with 469 recovered and 734 patients in quarantine or treatment as of 19 July - an exact match to the BNO graphic, so the running count is carried by two sources this run (the one-day MoH reporting lag ECDC documents for this series applies; the graphic is seated on its own embedded date per the tracker's standing convention). Global: suspected 116 (carried, 5 June WHO DON cleaned baseline; BNO tracks confirmed only), confirmed 2444 (DRC 2423 + Uganda 20 + France 1), total 2560, suspected_deaths 0 (zeroed 30 May), confirmed_deaths 969 (DRC 967 + Uganda 2). vs 19 July (116/2365/2481/0/932): confirmed +79, total +79, conf_deaths +37; cumulative non-decreasing. NOTABLE: DRC crude CFR 39.9% (967/2423) and global CFR 39.6% (969/2444), both at outbreak highs and effectively at 40%; global confirmed deaths within 31 of 1,000. Xinhua also reports a newly affected health zone, Adja in Ituri, taking the outbreak to 47 health zones across five provinces, 46 of them under active transmission, and 121 infected frontline health workers in Ituri including 36 deaths as of 19 July. SOURCE-VIEW / TIER FLAG: DRC MoH + Uganda MoH + France MoH running wire count carried by BNO and Xinhua; latest WHO reconciliation remains DON613 (published 17 July, data as of 15 July: global 2,145/830) and Weekly Sitrep 09 (data as of 12 July) is still the newest Sitrep - the AFRO outbreak page's Situation Reports widget rendered ""Situation reports unavailable"" via Chrome this run (JavaScript feed failure, not an absence claim), and a targeted search of afro.who.int surfaced nothing past Sitrep 09, so Sitrep 10 remains unpublished two days past its nominal 19 July slot. LAST_SITREP_STABLE_DATE stays 2026-07-12; bars post-12-July provisional. MATERIAL NARRATIVE: WHO AFRO published [Uganda begins countdown to end of Ebola outbreak](https://www.afro.who.int/countries/uganda/news/uganda-begins-countdown-end-ebola-outbreak), formalising the 42-day countdown that started when Uganda's last confirmed patient was discharged on 16 July; WHO notes the countdown resets to day zero if a new imported case is detected while DRC transmission continues. x.com credentialed search surfaced qualitative leads only (William Herkewitz / Rift Valley Dispatch on the outbreak being on course to become the largest Ebola outbreak ever recorded; RwandaHealthMag relaying the WHO AFRO Uganda countdown item); none superseding the 20 July count. CDC Travel Notices verified unchanged via Chrome on the per-country pages this run (DRC affected provinces Haut-Uele/Ituri/Nord-Kivu/Tshopo Level 3; DRC-other + Uganda Level 2; both pages last reviewed 15 July 2026; no France notice); the CDC Travel Notices index again served its known stale cache omitting the Ebola notices entirely, so the per-country pages are authoritative. HAN-00530 and the 17 May PHEIC unchanged.",2026-07-20
2026-07-21,116,2494,2610,0,1001,501,"[Reuters, dated DAKAR 22 July 2026, carried by CNBC Africa](https://www.cnbcafrica.com/2026/congo-says-nearly-1000-die-of-ebola-confirmed-cases-rise-to-2473): ""The number of confirmed Ebola cases in the Democratic Republic of Congo has increased to 2,473, including 999 deaths, government data showed on Wednesday. The country's public health institute said in its latest report that 50 new cases were detected on Monday in the eastern provinces of Ituri and North Kivu."" DRC 2,473 confirmed / 999 deaths; the +50 chains exactly onto the 20 July DRC figure (2,423 + 50 = 2,473). Uganda 20 confirmed / 2 deaths and France 1 confirmed / 0 deaths carried (both flat). Global: suspected 116 (carried, 5 June WHO DON cleaned baseline), confirmed 2494 (DRC 2473 + Uganda 20 + France 1), total 2610, suspected_deaths 0 (zeroed 30 May), confirmed_deaths 1001 (DRC 999 + Uganda 2). vs 20 July (116/2444/2560/0/969): confirmed +50, total +50, conf_deaths +32; cumulative non-decreasing. MILESTONE: global confirmed deaths cross 1,000 (1,001); DRC deaths at 999, one short of 1,000. DRC crude CFR 40.4% (999/2473), global CFR 40.1% (1001/2494), both now past 40%. DATING: Reuters published 22 July ""government data showed on Wednesday""; seated on 21 July under the tracker's standing pub-minus-one-day convention (same pattern as the 17 and 18 July Reuters rows, where a figure released on day X+1 is seated on the as-of day X). @BNOFeed posted no 21 July Daily Ebola Update graphic (newest is the 20 July graphic) and the DRC public-health-institute report was the only new reconciled figure this run, so this Reuters/INSP count is the primary source, not a lead. FLAGGED FOR WEB: the article also says ""50 new cases detected on Monday [20 July]"", which could alternatively argue for a 20 July as-of date; seated on 21 July for series continuity and per the pub-minus-one convention. Latest WHO reconciliation remains DON613 (data as of 15 July: global 2,145/830) and Weekly Sitrep 09 (data as of 12 July) is still the newest Sitrep (AFRO Situation Reports list read via Chrome this run: still Sitrep 09/08/07, no Sitrep 10 three days past its nominal 19 July slot). LAST_SITREP_STABLE_DATE stays 2026-07-12; bars post-12-July provisional. 22 July left as a GAP this run (today; no 22-July as-of figure located and @BNOFeed has posted no 22 July graphic; to backfill next run). x.com credentialed search surfaced qualitative leads only (African Development Bank US$13M grant to strengthen the DRC/Uganda/South Sudan response, carried by The New Vision and Kenyan Wall Street; a UK health worker monitored for Ebola in a London hospital after a DRC deployment, via The Guardian); none carrying a figure superseding the Reuters count. CDC Travel Notices verified unchanged via Chrome on the per-country pages this run (DRC affected provinces Haut-Uele/Ituri/Nord-Kivu/Tshopo Level 3; DRC-other + Uganda Level 2; both pages last reviewed 15 July 2026; no France notice). HAN-00530 and the 17 May PHEIC unchanged.",2026-07-22
2026-07-22,116,2557,2673,0,1035,525,"[BNO News @BNOFeed Daily Ebola Update graphic embedded-dated JULY 22, 2026 (""68 DAYS SINCE FIRST CASE""), posted 9:49 PM 22 July](https://x.com/BNOFeed/status/2080108020382462380) (sourced to Ministry of Health DR Congo + Ministry of Health Uganda + Ministry of Health France + WHO; read via Chrome, image zoomed for the per-country split): DR Congo 2,536 confirmed (+63) / 1,033 deaths (+34) / 506 recovered (+24); Uganda 20 confirmed (-) / 2 deaths (-) / 18 recovered; France 1 confirmed (-) / 0 deaths (-) / 1 recovered; TOTAL 2,557 confirmed (+63) / 1,035 deaths (+34) / 525 recovered (+24). The graphic's own +63 / +34 deltas chain exactly onto the 21 July figure (2,494 + 63 = 2,557; 1,001 + 34 = 1,035). Global: suspected 116 (carried, 5 June WHO DON cleaned baseline; BNO tracks confirmed only), confirmed 2557 (DRC 2536 + Uganda 20 + France 1), total 2673, suspected_deaths 0 (zeroed 30 May), confirmed_deaths 1035 (DRC 1033 + Uganda 2). vs 21 July (116/2494/2610/0/1001): confirmed +63, total +63, conf_deaths +34; cumulative non-decreasing. MILESTONE: DRC confirmed deaths cross 1,000 (1,033); global confirmed deaths 1,035. DRC crude CFR 40.7% (1033/2536) and global CFR 40.5% (1035/2557), both past 40% at outbreak highs. CORROBORATION: [Al Jazeera (AFP/AP/Reuters), 22 July 2026](https://www.aljazeera.com/news/2026/7/22/nearly-1000-people-have-died-from-ebola-in-dr-congo) carries the DRC INSP prior daily report (DRC 2,473 confirmed / 999 deaths, cases as of Monday 20 July), matching the 21 July row this run's figure supersedes; NPR (""Over 1,000 people have died in Congo's Ebola outbreak"", via credentialed x.com search) independently relays the 1,000-death crossing. Latest WHO reconciliation remains DON613 (data as of 15 July: global 2,145/830); Weekly Sitrep 09 (data as of 12 July) is still the newest Sitrep (AFRO Situation Reports list read via Chrome this run renders Sitrep 09/08/07/06; no Sitrep 10, now four days past its nominal 19 July slot). LAST_SITREP_STABLE_DATE stays 2026-07-12; bars post-12-July provisional. 23 July left as a GAP this run (@BNOFeed newest graphic is the 22 July edition; no 23 July as-of figure located; to backfill next run). x.com credentialed search surfaced qualitative leads only (NPR 1,000-death milestone; IOM Uganda on the 42-day countdown supported by US Foreign Assistance); none superseding the 22 July count. CDC Travel Notices verified unchanged via Chrome on the per-country pages this run (DRC affected provinces Haut-Uele/Ituri/Nord-Kivu/Tshopo Level 3; DRC-other + Uganda Level 2; both pages last reviewed 15 July 2026; no France notice). HAN-00530 and the 17 May PHEIC unchanged.",2026-07-23
2026-07-23,116,2926,3042,0,1271,538,"BACKFILL (added 2026-07-26 run, daily-row policy; the 2026-07-23 scheduled run had no connected Chrome browser and no as-of-23-July figure existed then, and no run fired 24-25 July). [BNO News @BNOFeed Daily Ebola Update graphic embedded-dated JULY 23, 2026 (""69 DAYS SINCE FIRST CASE""), posted 24 July](https://x.com/BNOFeed/status/2080855915863892368) (sourced to Ministry of Health DR Congo + Ministry of Health Uganda + Ministry of Health France + WHO; read via Chrome, image zoomed for the per-country split): DR Congo 2,905 confirmed (+369) / 1,269 deaths (+236) / 519 recovered (+13); Uganda 20 (-) / 2 (-) / 18; France 1 (-) / 0 (-) / 1; TOTAL 2,926 confirmed (+369) / 1,271 deaths (+236) / 538 recovered (+13). PROVINCIAL DATA REVIEW: the +369 / +236 one-day jump is a DRC INSP reconciliation that integrated harmonized provincial and national databases in Ituri and North Kivu (the epicentre) plus 300+ newly reported cases; corroborated by [Bloomberg, 24 July](https://www.bloomberg.com/news/articles/2026-07-24/ebola-cases-near-3-000-in-congo-after-provincial-data-review) (2,905 confirmed / 1,269 deaths ""as of July 22, up from 2,536 cases and 1,033 deaths a day earlier ... reflects the integration of harmonized data"" in Ituri and North Kivu). Upward revision under normal source-preference rules (single high-value INSP source sufficient; no-dip rule not engaged). Global: suspected 116 (carried, 5 June WHO DON cleaned baseline; BNO tracks confirmed only), confirmed 2926 (DRC 2905 + Uganda 20 + France 1), total 3042, suspected_deaths 0 (zeroed 30 May), confirmed_deaths 1271 (DRC 1269 + Uganda 2), recovered 538. vs 22 July (116/2557/2673/0/1035/525): confirmed +369, total +369, conf_deaths +236, recovered +13; cumulative non-decreasing. NOTABLE: DRC crude CFR jumps to 43.7% (1269/2905), global 43.7% (1271/2926), new outbreak highs. SEATING: seated on the BNO embedded date JULY 23 per the tracker convention; Bloomberg dates this INSP figure ""as of July 22"" (the tracker runs ~1-2 days ahead of INSP as-of dates, the systemic lead already flagged for Web). Latest WHO reconciliation DON613 (data as of 15 July: 2,145/830); Weekly Sitrep 09 (data as of 12 July) still the newest Sitrep (AFRO Situation Reports list read via Chrome this run: Sitrep 09/08/07/06, no Sitrep 10). Bars provisional post-12-July.",2026-07-26
2026-07-24,116,2994,3110,0,1311,559,"BACKFILL (added 2026-07-26 run, daily-row policy; no run fired 24 July). [BNO News @BNOFeed Daily Ebola Update graphic embedded-dated JULY 24, 2026 (""70 DAYS SINCE FIRST CASE""), posted 6:33 AM 25 July](https://x.com/BNOFeed/status/2080964535276511740) (read via Chrome): DR Congo 2,973 confirmed (+68) / 1,309 deaths (+40) / 540 recovered (+21); Uganda 20 (-) / 2 (-) / 18; France 1 (-) / 0 (-) / 1; TOTAL 2,994 confirmed (+68) / 1,311 deaths (+40) / 559 recovered (+21). Corroborated by [Al Jazeera (AP), 25 July](https://www.aljazeera.com/news/2026/7/25/ebola-deaths-in-drc-surge-past-1300-as-virus-spreading-like-a-wildfire): ""as of Thursday [23 July], the total number of confirmed cases ... had climbed to 2,973"" and deaths ""surged above 1,309"" (the Al Jazeera as-of-23-July date vs the BNO JULY 24 embedded date is the usual ~1-day lead). Global: suspected 116, confirmed 2994 (DRC 2973 + Uganda 20 + France 1), total 3110, suspected_deaths 0, confirmed_deaths 1311 (DRC 1309 + Uganda 2), recovered 559. vs 23 July (116/2926/3042/0/1271/538): confirmed +68, total +68, conf_deaths +40, recovered +21; cumulative non-decreasing. DRC crude CFR 44.0% (1309/2973), global 43.8% (1311/2994). Bars provisional post-12-July.",2026-07-26
2026-07-25,116,3096,3212,0,1356,575,"BACKFILL (added 2026-07-26 run, daily-row policy; no run fired 25 July). [BNO News @BNOFeed Daily Ebola Update graphic embedded-dated JULY 25, 2026 (""71 DAYS SINCE FIRST CASE""), posted 25 July](https://x.com/BNOFeed/status/2081162215286034828) (read via Chrome, image zoomed for the per-country split): DR Congo 3,075 confirmed (+102) / 1,354 deaths (+45) / 556 recovered (+16); Uganda 20 (-) / 2 (-) / 18; France 1 (-) / 0 (-) / 1; TOTAL 3,096 confirmed (+102) / 1,356 deaths (+45) / 575 recovered (+16). CORROBORATED: [Xinhua, Kinshasa 25 July](https://english.news.cn/20260726/a166ff5af33e4bc4bf66198fbb56dc60/c.html) reports DRC health authorities figures released Saturday at 3,075 confirmed / 1,354 deaths / 556 recoveries, with 755 patients still in hospital or isolation across five provinces (Ituri, North Kivu, South Kivu, Haut-Uele, Tshopo) - an exact match to the BNO graphic. Global: suspected 116, confirmed 3096 (DRC 3075 + Uganda 20 + France 1), total 3212, suspected_deaths 0, confirmed_deaths 1356 (DRC 1354 + Uganda 2), recovered 575. vs 24 July (116/2994/3110/0/1311/559): confirmed +102, total +102, conf_deaths +45, recovered +16; cumulative non-decreasing. MILESTONE: DRC confirmed cases cross 3,000 (3,075); global 3,096. DRC crude CFR 44.0% (1354/3075), global 43.8% (1356/3096), outbreak highs. Al Jazeera (25 July) notes the University of Oxford began the world first Bundibugyo ebolavirus vaccine trial (ChAdOx1 BDBV; first volunteer dosed Friday 24 July) and DRC PM Judith Suminwa said researchers hope for a vaccine/treatment ""within two to four months."" Latest WHO reconciliation DON613 (data as of 15 July); Weekly Sitrep 09 (data as of 12 July) still newest, Sitrep 10 not published (a week past its nominal 19 July slot). 26 July left as a GAP this run (today; @BNOFeed posts its Daily Ebola Update in the evening and has posted no 26 July graphic as of this run; to backfill next run). x.com credentialed search corroborative only (Sky News ""Ebola cases in DR Congo rise over 3,000 - as health workers go on strike""); none superseding the count. Bars provisional post-12-July.",2026-07-26
2026-07-26,116,3283,3399,0,1439,602,"[WHO AFRO Weekly External Situation Report 11, data as of 26 July 2026](https://www.afro.who.int/countries/democratic-republic-of-congo/publication/ebola-bundibugyo-virus-disease-outbreak-3) (gold-standard reconciled source #1; summary table read via Chrome and zoomed): DR Congo 3,262 confirmed / 1,437 confirmed deaths / 583 recovered (CFR 44.1%); Uganda 20 confirmed / 2 deaths / 18 recovered (+1 probable case, 1 probable death; confirmed+probable 21/3); France 1 confirmed / 0 deaths / 1 recovered. Global confirmed 3,283 (3,262+20+1), confirmed deaths 1,439 (1,437+2+0), recovered 602 (583+18+1). suspected 116 carried (5 June WHO DON cleaned baseline; the Sitrep reports only confirmed and probable), suspected_deaths 0 (zeroed 30 May). total 3,399 (116+3,283). vs 25 July (116/3096/3212/0/1356/575): confirmed +187, total +187, conf_deaths +83, recovered +27; cumulative non-decreasing. This WHO Sitrep supersedes the same-day [BNO @BNOFeed JULY 26 graphic](https://x.com/BNOFeed/status/2081536200637137095) (DR Congo 3,200/1,405/571, global 3,221/1,407/590), which ran ~62 confirmed below the WHO reconciliation -- an UPWARD Sitrep revision (WHO reconciled higher than the running count), applied under normal source-preference. NOTABLE: DRC crude CFR 44.1% and global 43.8% (1439/3283), outbreak highs; Sitrep 11's event description states this is now the largest Bundibugyo virus outbreak ever recorded. DRC key figures at a glance: 5 provinces / 48 health zones affected, 4 provinces / 42 zones under active transmission, 723 active cases in isolation, 123 health-worker cases / 37 HW deaths, 15,498 contacts to follow, 76.8% bed occupancy. 1-DAY-LEAD NOTE: the newly-published Sitrep 10 (data as of 19 July) gives DR Congo 2,423/967/469 -- identical to the tracker's existing 20 July row -- reconfirming the systemic ~1-day lead of the BNO-embedded series over WHO/INSP as-of dates (already FLAGGED FOR WEB; a structural -1-day re-seat of the series is left for Web's review, not auto-applied, so the 19 July row is NOT overwritten here to avoid a false-flat 19==20 duplicate). 27 and 28 July left as GAPS this run: BNO @BNOFeed has posted no graphic past JULY 26 and no as-of-27/28 official figure exists; the '3,262' figure circulating on wires 28 July is the Sitrep 11 as-of-26 number, not a new count. MATERIAL: Uganda's Ministry of Health declared its outbreak OVER on 28 July ([Xinhua](https://english.news.cn/20260728/b8f2e1310c254e6fa74e6072b4294de6/c.html)) -- see story.md and declarations.csv. LAST_SITREP_STABLE_DATE advanced 2026-07-12 -> 2026-07-26 (Sitrep 11); bars through 26 July now render solid.",2026-07-28
2026-07-27,116,3283,3399,0,1439,602,"BACKFILL (added 2026-08-05 run, daily-row policy; carry-forward, Web's call this run). 27 July had been left as a deliberate gap across four runs because its only candidate source, the [BNO News @BNOFeed Daily Ebola Update graphic embedded-dated JULY 27, 2026](https://x.com/BNOFeed), re-publishes the [WHO AFRO Weekly Sitrep 11 as-of-26-July figure](https://www.afro.who.int/countries/democratic-republic-of-congo/publication/ebola-bundibugyo-virus-disease-outbreak-3) verbatim rather than carrying a fresh count. Web resolved the standing question on 2026-08-05 in favour of the one-row-per-calendar-day policy over the flat-duplicate concern, so the date is now filled with the 26 July figures CARRIED FORWARD, not a new count: suspected 116, confirmed 3283 (DRC 3262 + Uganda 20 + France 1), total 3399, suspected_deaths 0, confirmed_deaths 1439 (DRC 1437 + Uganda 2), recovered 602 (DRC 583 + Uganda 18 + France 1). This row is IDENTICAL to 26 July by construction. Every derived daily delta on it is zero and the +98 confirmed / +50 deaths / +14 recovered that previously spanned 26->28 July now lands wholly on the 28 July row; 7-day rolling sums are unchanged in total. Do not read the flat day as an observation that transmission paused. No new source was consulted for this date and none exists; if a later WHO reconciliation ever publishes a distinct as-of-27-July figure, this row should be revised under the normal lookback path. Cumulative monotonicity holds (equality is permitted). Bars provisional post-26-July.",2026-08-05
2026-07-28,116,3381,3497,0,1489,616,"[BNO News @BNOFeed Daily Ebola Update graphic embedded-dated JULY 28, 2026 (""74 DAYS SINCE FIRST CASE""), posted evening 29 July](https://x.com/BNOFeed/status/2082659498611675528) (sourced to Ministry of Health DR Congo + Ministry of Health Uganda + Ministry of Health France + WHO; read via Chrome, image zoomed for the per-country split): DR Congo 3,360 confirmed (+98) / 597 recovered (+14) / 1,487 deaths (+50); Uganda 20 (-) / 18 (-) / 2 (-); France 1 (-) / 1 (-) / 0 (-); TOTAL 3,381 confirmed (+98) / 616 recovered (+14) / 1,489 deaths (+50). CORROBORATED INDEPENDENTLY: [Xinhua, Kinshasa 29 July 2026](https://english.news.cn/20260729/63de7d9f7f1743b1a0efea4ee7ab4f06/c.html) reports the DRC situation report released Wednesday 29 July, ""covering data through Monday"" (27 July), at 3,360 confirmed / 1,487 deaths / 597 recovered / 733 in isolation, with Ituri accounting for nearly 89% of all confirmed cases and the epidemic ""in a phase of sustained transmission with a high level of virus circulation"" - an exact match to the BNO graphic, so the count is carried by two sources this run. BACKFILL (added 2026-07-30 run, daily-row policy; the 2026-07-29 run could not source this date because @BNOFeed had not yet posted the JULY 28 graphic). Global: suspected 116 (carried, 5 June WHO DON cleaned baseline; BNO tracks confirmed only), confirmed 3381 (DRC 3360 + Uganda 20 + France 1), total 3497, suspected_deaths 0 (zeroed 30 May), confirmed_deaths 1489 (DRC 1487 + Uganda 2), recovered 616 (DRC 597 + Uganda 18 + France 1). vs 26 July (116/3283/3399/0/1439/602): confirmed +98, total +98, conf_deaths +50, recovered +14; cumulative non-decreasing. DRC crude CFR 44.3% (1487/3360), global CFR 44.0% (1489/3381), outbreak highs. SEATING: seated on the BNO embedded date JULY 28 per the tracker's standing convention; Xinhua dates the same INSP figure ""through Monday"" 27 July, the systemic ~1-day lead of the BNO-embedded series over INSP as-of dates already FLAGGED FOR WEB (a structural -1-day re-seat of the whole series is left for Web's review, not auto-applied). 27 July REMAINS A GAP: its only candidate source is the BNO JULY 27 graphic, which re-publishes the Sitrep 11 as-of-26-July figure verbatim (3,283/1,439/602) and would create a false-flat 26==27 duplicate - same call as the 2026-07-29 run. Latest WHO reconciliation is Weekly Sitrep 11 (data as of 26 July); AFRO DRC publications list read via Chrome this run shows Sitrep 11 as newest, no Sitrep 12 (next weekly nominally due ~2-4 Aug). LAST_SITREP_STABLE_DATE stays 2026-07-26; bars post-26-July provisional.",2026-07-30
2026-07-29,116,3463,3579,0,1523,634,"[Associated Press (Prosper Heri Ngorora and Mark Banchereau), ""Congo says the death toll in fastest-growing Ebola outbreak has passed 1,500"", published 30 July 2026 06:09 ET](https://abcnews.com/International/wireStory/congo-death-toll-fastest-growing-ebola-outbreak-passed-135218844): ""As of Tuesday, 3,442 cases had been recorded, with 1,521 deaths, according to the latest government update... There are currently 797 patients in isolation or hospitalized, while a further 615 patients have recovered."" DRC 3,442 confirmed / 1,521 deaths / 615 recovered. Uganda 20 confirmed / 2 deaths / 18 recovered carried (outbreak declared over 28 July; figures final). France 1 confirmed / 0 deaths / 1 recovered carried. CORROBORATED: the same AP copy carried by [Sowetan/TimesLIVE, 30 July](https://www.sowetan.co.za/news/africa/2026-07-30-death-toll-tops-1500-in-fastest-growing-ebola-outbreak-in-history/) and by [ABC World News Tonight via credentialed x.com search](https://x.com/ABCWorldNews). Global: suspected 116 (carried, 5 June WHO DON cleaned baseline), confirmed 3463 (DRC 3442 + Uganda 20 + France 1), total 3579, suspected_deaths 0 (zeroed 30 May), confirmed_deaths 1523 (DRC 1521 + Uganda 2), recovered 634 (DRC 615 + Uganda 18 + France 1). vs 28 July (116/3381/3497/0/1489/616): confirmed +82, total +82, conf_deaths +34, recovered +18; cumulative non-decreasing. MILESTONE: DRC confirmed deaths cross 1,500 (1,521) - AP calls this a 50% rise in about a week and describes the outbreak as the fastest-growing on record, noting the 2014-2016 West Africa outbreak took about eight months to reach 1,000 deaths. DRC crude CFR 44.2% (1521/3442), global CFR 44.0% (1523/3463). SEATING: the AP figure is DRC government data ""as of Tuesday"" (28 July), released Thursday 30 July; seated on 29 July under the tracker's standing +1 convention, the same offset applied to the 28 July row (BNO JULY 28 graphic = INSP as-of 27 July). This keeps the series internally consistent rather than mixing seating bases. FLAGGED FOR WEB alongside the standing 1-day-lead question. RESPONSE CONTEXT from the same AP report: contact tracing is running at ~78% of known contacts nationwide, well below the 95% health officials say is needed to interrupt transmission; international partners including WHO, Africa CDC, Samaritan's Purse and Mercy Corps temporarily withdrew from Ituri's Nyakunde health zone after a 15 July attack on a hospital and treatment centre, disrupting surveillance, contact tracing and supplies (Africa CDC says teams could redeploy as soon as next week). Ituri accounts for nearly 90% of cases; five provinces affected including Kisangani. 30 July left as a GAP this run (today; no as-of-30 official figure exists and @BNOFeed has posted no JULY 29 graphic as of this run; to backfill next run). Latest WHO reconciliation remains Weekly Sitrep 11 (data as of 26 July); no Sitrep 12. LAST_SITREP_STABLE_DATE stays 2026-07-26; bars post-26-July provisional.",2026-07-30
2026-07-30,116,3553,3669,0,1558,645,"[Reuters, published 31 July 2026 10:25 GMT, carried by CNBC Africa](https://www.cnbcafrica.com/2026/congos-ebola-outbreak-now-second-largest-on-record-data-shows): ""The Ebola outbreak is the second largest on record globally, government data showed on Friday... Congo reported 3,532 cases on Friday, surpassing the total 3,481 cases recorded during the 2018-20 outbreak. Total deaths stood at 1,556, the Central African country's communications ministry said on X."" CORROBORATED INDEPENDENTLY with the full split by [Xinhua (French), Kinshasa 31 July 2026 17:44](https://french.news.cn/20260731/baecca250502442f941cfb3277f39605/c.html): DRC 3,532 confirmed / 1,556 deaths / 626 recovered / 807 patients still in isolation or hospitalised across the five affected provinces (Ituri, Nord-Kivu, Sud-Kivu, Haut-Uele, Tshopo). Uganda 20 confirmed / 2 deaths / 18 recovered carried (outbreak declared over 28 July; figures final). France 1 confirmed / 0 deaths / 1 recovered carried (flat since 24 June). Global: suspected 116 (carried, 5 June WHO DON cleaned baseline), confirmed 3553 (DRC 3532 + Uganda 20 + France 1), total 3669, suspected_deaths 0 (zeroed 30 May), confirmed_deaths 1558 (DRC 1556 + Uganda 2), recovered 645 (DRC 626 + Uganda 18 + France 1). vs 29 July (116/3463/3579/0/1523/634): confirmed +90, total +90, conf_deaths +35, recovered +11; cumulative non-decreasing. MILESTONE: at 3,553 global confirmed the outbreak passes the 2018-20 Kivu outbreak (3,481) and is now the SECOND-LARGEST Ebola outbreak of any species ever recorded; only the 2014-16 West Africa outbreak (28,616 cases / 11,310 deaths) was larger. It was already the largest Bundibugyo virus outbreak on record (WHO Sitrep 11). DRC crude CFR 44.1% (1556/3532), global CFR 43.8% (1558/3553). RESPONSE CONTEXT: Africa CDC DG Jean Kaseya, at his weekly briefing Thursday 30 July, said the epidemic is the fastest-progressing ever recorded and cannot yet be considered under control -- more than 80% of new cases in Ituri are NOT linked to anyone on an existing contact list, and more than 60% of deaths occur in the community rather than in Ebola treatment centres. Reuters adds that WHO said earlier this month the true scale could be up to four times higher than official figures, that Africa CDC's $1.4bn requirement is unmet (May-August response plan has $213.9m declared against $242.4m planned), and that a US travel ban blocking American citizens in DRC from commercial flights home is forcing Samaritan's Purse to scale back. SEATING: the figure was released Friday 31 July; seated on 30 July under the tracker's standing pub-minus-one-day convention (same offset applied to the 29 July row, where the AP figure released 30 July was seated on 29 July). FLAGGED FOR WEB alongside the standing 1-day-lead question. 31 July left as a GAP this run (today; no as-of-31 figure exists and @BNOFeed's newest graphic is the JULY 29 edition). 27 July REMAINS A GAP (unchanged call: its only candidate source, the BNO JULY 27 graphic, re-publishes the Sitrep 11 as-of-26-July figure verbatim and would create a false-flat 26==27 duplicate). Latest WHO reconciliation remains Weekly Sitrep 11 (data as of 26 July); AFRO DRC publications list read this run shows no Sitrep 12 (next weekly nominally due ~2-4 Aug). LAST_SITREP_STABLE_DATE stays 2026-07-26; bars post-26-July provisional.",2026-07-31
2026-07-31,116,3626,3742,0,1589,670,"[BNO News @BNOFeed Daily Ebola Update graphic embedded-dated JULY 31, 2026 (""77 DAYS SINCE FIRST CASE""), posted 8:58 PM 31 July](https://x.com/BNOFeed/status/2083356730503700841) (sourced to Ministry of Health DR Congo + Ministry of Health Uganda + Ministry of Health France + WHO; read via Chrome, image opened and zoomed for the per-country split): DR Congo 3,605 confirmed (+73) / 651 recovered (+25) / 1,587 deaths (+31); Uganda 20 (-) / 18 (-) / 2 (-); France 1 (-) / 1 (-) / 0 (-); TOTAL 3,626 confirmed (+73) / 670 recovered (+25) / 1,589 deaths (+31). The graphic's own deltas chain exactly onto the 30 July row (3,553 + 73 = 3,626; 645 + 25 = 670; 1,558 + 31 = 1,589). Global: suspected 116 (carried, 5 June WHO DON cleaned baseline; BNO tracks confirmed only), confirmed 3626 (DRC 3605 + Uganda 20 + France 1), total 3742, suspected_deaths 0 (zeroed 30 May), confirmed_deaths 1589 (DRC 1587 + Uganda 2), recovered 670 (DRC 651 + Uganda 18 + France 1). vs 30 July (116/3553/3669/0/1558/645): confirmed +73, total +73, conf_deaths +31, recovered +25; cumulative non-decreasing. DRC crude CFR 44.0% (1587/3605), global CFR 43.8% (1589/3626). PRIOR-ROW CORROBORATION: [Al Jazeera (Anadolu/Reuters), 31 July 2026](https://www.aljazeera.com/news/2026/7/31/dr-congo-ebola-epidemic-becomes-worlds-second-largest-outbreak) independently carries the DRC Ministry of Communication and Media Friday statement at 3,532 confirmed / 1,556 deaths / 626 recovered / 807 in isolation (CFR 44.1%) - an exact match to the existing 30 July row, which this run's figure supersedes; no revision required. MATERIAL (retrospective, no effect on the counts): [Science (AAAS) exclusive, 31 July 2026](https://www.science.org/content/article/exclusive-congo-s-ebola-epidemic-started-least-4-months-it-was-detected) reports an unpublished investigation based on interviews with 97 people in and around Mongbwalu, a gold-mining town in Ituri, concluding the epidemic ignited on the town's outskirts in January 2026 or earlier - at least four months before the 15 May declaration - and identifying more than 500 suspected cases between mid-January and 15 May that were never counted. Surfaced this run as a credentialed x.com lead (@anadoluagency) and followed to the Science article; logged in story.md and notes.md. Not folded into suspected_global: the 500+ figure is a retrospective investigative estimate, not an official DRC MoH / INSP surveillance figure, and the tracker's suspected column is the 5 June WHO DON cleaned baseline. FLAGGED FOR WEB. SEATING: seated on the BNO embedded date JULY 31 per the tracker's standing convention; the systemic ~1-day lead of the BNO-embedded series over INSP as-of dates remains FLAGGED FOR WEB (a structural -1-day re-seat of the whole series is left for Web's review, not auto-applied). 27 July REMAINS A GAP (unchanged call: its only candidate source, the BNO JULY 27 graphic, re-publishes the Sitrep 11 as-of-26-July figure verbatim and would create a false-flat 26==27 duplicate). Latest WHO reconciliation remains Weekly Sitrep 11 (data as of 26 July); AFRO DRC publications list read via Chrome this run shows Sitrep 11 as newest, no Sitrep 12 (next weekly nominally due ~2-4 Aug). CDC Travel Notices verified via Chrome on the per-country pages this run (the /travel/notices index again served a stale cache omitting all Ebola notices): DRC affected provinces Haut-Uele/Ituri/Nord-Kivu/Tshopo Level 3, combined DRC+Uganda Level 2, both pages last reviewed 15 July 2026, no France notice; unchanged. HAN-00530 and the 17 May PHEIC unchanged; WHO formal concurrence with Uganda's 28 July end-of-outbreak declaration still not issued. LAST_SITREP_STABLE_DATE stays 2026-07-26; bars post-26-July provisional. CORROBORATION (added 2026-08-02 run; no value change): [WHO Disease Outbreak News DON614, published 1 August 2026, data as of 30 July 2026](https://www.who.int/emergencies/disease-outbreak-news/item/2026-DON614) reports DR Congo 3,605 confirmed / 1,587 deaths / 651 recovered, and cumulatively 3,626 confirmed globally (3,605 DRC + 20 Uganda + 1 France) with 1,589 deaths and 670 recovered (651 DRC + 18 Uganda + 1 France) - an exact match to this row on every field, so the row is now carried by a WHO source rather than by BNO alone. 1-DAY-LEAD NOTE: DON614 dates these figures 30 July, one calendar day behind this row's BNO embedded date. This is the second independent WHO product to land exactly one day behind the BNO-seated series (Sitrep 10, data as of 19 July, matched the 20 July row the same way). NOT applied to the 30 July row, which would create a false-flat 30==31 duplicate; the structural -1-day re-seat of the whole series remains FLAGGED FOR WEB and is not auto-applied. DON614 also states the outbreak is now the largest Ebola outbreak ever recorded in DR Congo, surpassing the 2018-20 Kivu outbreak's 3,317 confirmed cases, and that epidemiological week 30 carried the highest weekly counts to date at 567 cases and 296 deaths.",2026-08-02
2026-08-01,116,3695,3811,0,1623,685,"[BNO News @BNOFeed Daily Ebola Update graphic embedded-dated AUGUST 1, 2026 (""78 DAYS SINCE FIRST CASE""), posted 4:22 PM 2 August](https://x.com/BNOFeed/status/2084011925143167087) (sourced to Ministry of Health DR Congo + Ministry of Health Uganda + Ministry of Health France + WHO; read via Chrome, image opened and zoomed for the per-country split): DR Congo 3,674 confirmed (+69) / 666 recovered (+15) / 1,621 deaths (+34); Uganda 20 (-) / 18 (-) / 2 (-); France 1 (-) / 1 (-) / 0 (-); TOTAL 3,695 confirmed (+69) / 685 recovered (+15) / 1,623 deaths (+34). The graphic's own deltas chain exactly onto the 31 July row (3,626 + 69 = 3,695; 670 + 15 = 685; 1,589 + 34 = 1,623). Global: suspected 116 (carried, 5 June WHO DON cleaned baseline; BNO tracks confirmed only), confirmed 3695 (DRC 3674 + Uganda 20 + France 1), total 3811, suspected_deaths 0 (zeroed 30 May), confirmed_deaths 1623 (DRC 1621 + Uganda 2), recovered 685 (DRC 666 + Uganda 18 + France 1). vs 31 July (116/3626/3742/0/1589/670): confirmed +69, total +69, conf_deaths +34, recovered +15; cumulative non-decreasing. DRC crude CFR 44.1% (1621/3674), global CFR 43.9% (1623/3695). SEATING: seated on the BNO embedded date AUGUST 1 per the tracker's standing convention. This row closes the 1 August gap that the earlier 2026-08-02 run left open; @BNOFeed had not yet posted the AUGUST 1 graphic when that run checked (it landed 4:22 PM 2 August). 2 August REMAINS A GAP this run: no as-of-2-August figure exists from any source. 27 July REMAINS A GAP (unchanged call: its only candidate source, the BNO JULY 27 graphic, re-publishes the Sitrep 11 as-of-26-July figure verbatim and would create a false-flat 26==27 duplicate). Latest WHO reconciliation remains Weekly Sitrep 11 (data as of 26 July); the server-rendered [AFRO DRC publications list](https://www.afro.who.int/countries/democratic-republic-of-congo/publications) read this run shows Sitrep 11 as newest, no Sitrep 12. Latest WHO DON remains DON614 (data as of 30 July), which corroborates the 31 July row exactly. LAST_SITREP_STABLE_DATE stays 2026-07-26; bars post-26-July provisional.",2026-08-02
2026-08-02,116,3769,3885,0,1659,727,"[BNO News @BNOFeed Daily Ebola Update graphic embedded-dated AUGUST 2, 2026 (""79 DAYS SINCE FIRST CASE""), posted 12:09 PM 3 August](https://x.com/BNOFeed/status/2084310667134218493) (sourced to Ministry of Health DR Congo + Ministry of Health Uganda + Ministry of Health France + WHO; read via Chrome, image opened in the lightbox and zoomed for the per-country split): DR Congo 3,748 confirmed (+74) / 708 recovered (+42) / 1,657 deaths (+36); Uganda 20 (-) / 18 (-) / 2 (-); France 1 (-) / 1 (-) / 0 (-); TOTAL 3,769 confirmed (+74) / 727 recovered (+42) / 1,659 deaths (+36). The graphic's own deltas chain exactly onto the 1 August row (3,695 + 74 = 3,769; 685 + 42 = 727; 1,623 + 36 = 1,659). Global: suspected 116 (carried, 5 June WHO DON cleaned baseline; BNO tracks confirmed only), confirmed 3769 (DRC 3748 + Uganda 20 + France 1), total 3885, suspected_deaths 0 (zeroed 30 May), confirmed_deaths 1659 (DRC 1657 + Uganda 2), recovered 727 (DRC 708 + Uganda 18 + France 1). vs 1 August (116/3695/3811/0/1623/685): confirmed +74, total +74, conf_deaths +36, recovered +42; cumulative non-decreasing. DRC crude CFR 44.2% (1657/3748), global CFR 44.0% (1659/3769). NOTABLE: derived active (live) cases FALL for the first time since 13 July, 1,387 -> 1,383, a fall of 4. The day's outflow (42 recovered + 36 deaths = 78) exceeds the inflow (+74 confirmed). This is the 10th falling-active day of the outbreak and the first in three weeks; at a fall of 4 on a base of 1,383 it is inside the noise of a running wire count and is not read here as a turn. The +42 recovered is the second-largest single-day recovery figure of the outbreak, behind +101 on 19 July (which was a catch-up after the 15-18 July BNO publication gap, not a true one-day figure). Recoveries exceeding deaths is NOT itself novel - it has happened on 10 days including this one, most recently 13 July - the novel part is that the excess is large enough to bend the active line. SEATING: seated on the BNO embedded date AUGUST 2 per the tracker's standing convention; the systemic ~1-day lead of the BNO-embedded series over WHO/INSP as-of dates remains FLAGGED FOR WEB (a structural -1-day re-seat of the whole series is left for Web's review, not auto-applied). 3 August left as a GAP this run (today; @BNOFeed's newest graphic is the AUGUST 2 edition and no as-of-3-August official figure exists; to backfill next run). 27 July REMAINS A GAP (unchanged call: its only candidate source, the BNO JULY 27 graphic, re-publishes the Sitrep 11 as-of-26-July figure verbatim and would create a false-flat 26==27 duplicate). Latest WHO reconciliation remains Weekly Sitrep 11 (data as of 26 July); the server-rendered [AFRO DRC publications list](https://www.afro.who.int/countries/democratic-republic-of-congo/publications) read this run shows Sitrep 11 as newest, no Sitrep 12 (now ~1 week past its nominal 2 August slot). Latest WHO DON remains DON614 (data as of 30 July). RESPONSE CONTEXT: [UN News, 3 August 2026](https://news.un.org/en/story/2026/08/1168064) reports that health partners will inaugurate DRC's largest Ebola treatment centre this week at 100-bed capacity, and that a UN/US/International Medical Corps Ebola transit centre has opened at the Kigonze displacement camp outside Bunia to speed case identification and referral; roughly 270,000 people displaced by violence now live in sites across Ituri. WFP acting chief Carl Skau, after a weekend visit to eastern DRC, said Ebola is ""moving fast, hitting people already facing conflict and hunger."" Aid teams also report the disease appears to be causing stillbirths and premature deliveries. No new cumulative figure in the UN item - it carries the DON614 30 July numbers - so it is context, not a source for this row. CDC Travel Notices verified via Chrome on the per-country pages this run: DRC affected provinces Haut-Uele/Ituri/Nord-Kivu/Tshopo Level 3, combined DRC+Uganda Level 2, both pages last reviewed 15 July 2026, no France notice; unchanged. HAN-00530 and the 17 May PHEIC unchanged. LAST_SITREP_STABLE_DATE stays 2026-07-26; bars post-26-July provisional.",2026-08-03
2026-08-03,116,3823,3939,0,1709,746,"[Associated Press (Prosper Heri Ngorora, Constant Same Bagalwa, Wilson McMakin), ""Ebola has killed 1,700 in eastern Congo as the fastest-growing outbreak surges"", published 4 August 2026 05:22 ET](https://abcnews.com/Health/wireStory/ebola-kills-1700-eastern-congo-fastest-growing-outbreak-135346370): ""3,802 cases had been recorded, with 1,707 deaths, according to the latest government update."" FULL SPLIT from [Euronews, 4 August 2026, ""WHO calls for more support to tackle Ebola outbreak""](https://www.euronews.com/2026/08/04/who-calls-for-more-support-to-tackle-ebola-outbreak): DR Congo 3,802 confirmed / 1,707 deaths / 727 recovered, plus 275 suspected cases still under investigation and ~17,000 contacts monitored with more than 80% seen daily; nearly 90% of cases in Ituri with almost all the remainder in Nord-Kivu. Uganda 20 confirmed / 2 deaths / 18 recovered carried (outbreak declared over 28 July; figures final). France 1 confirmed / 0 deaths / 1 recovered carried (flat since 24 June). Global: suspected 116 (carried, 5 June WHO DON cleaned baseline), confirmed 3823 (DRC 3802 + Uganda 20 + France 1), total 3939, suspected_deaths 0 (zeroed 30 May), confirmed_deaths 1709 (DRC 1707 + Uganda 2), recovered 746 (DRC 727 + Uganda 18 + France 1). vs 2 August (116/3769/3885/0/1659/727): confirmed +54, total +54, conf_deaths +50, recovered +19; cumulative non-decreasing. DRC crude CFR 44.9% (1707/3802), global CFR 44.7% (1709/3823). MILESTONE: DRC confirmed deaths cross 1,700 (1,707). AP notes the outbreak has killed at a quicker rate than any previous outbreak, including 2014-16 West Africa (28,000 cases / 11,000+ deaths), which took about eight months to reach 1,000 deaths. CORROBORATED (approximately) by [Forbes (John Drake), 4 August 2026, ""Congo Is Counting Fewer Than Half Its Ebola Cases""](https://www.forbes.com/sites/johndrake/2026/08/04/congo-is-counting-fewer-than-half-its-ebola-cases/), which cites 3,822 confirmed and 1,707 deaths globally against this row's 3,823 (Forbes appears to omit the single France case) and reports WHO estimating the true infection count at 3-4x official, i.e. roughly 11,500-15,300, with 55-60% of cases lacking an identifiable source. BACKFILL (added 2026-08-05 run, daily-row policy; the 2026-08-04 run did not fire). SEATING: this is the DRC MoH/INSP bulletin as of 2 August, released 4 August; seated on 3 August under the tracker's standing as-of-plus-one convention (identical to the BNO embedded-date convention: the 2 August row carried the INSP as-of-1-August figure). The ""As of Tuesday"" phrasing in the AP copy is inconsistent with the arithmetic - the figure chains as a one-day step off the as-of-1-August row (3,748 -> 3,802) and is superseded by an explicit as-of-3-August MoH bulletin of 3,874, so it can only be the as-of-2-August snapshot. FLAGGED FOR WEB alongside the standing 1-day-lead question. NOTE ON SUSPECTED: Euronews's ""275 suspected cases under investigation"" is a point-in-time pending-investigation count, not the tracker's cumulative suspected column (116, the 5 June WHO DON cleaned baseline); not folded in. Latest WHO reconciliation remains Weekly Sitrep 11 (data as of 26 July); the server-rendered [AFRO DRC publications list](https://www.afro.who.int/countries/democratic-republic-of-congo/publications) read this run shows Sitrep 11 as newest, no Sitrep 12 (now ~2 weeks past its nominal 2 August slot). Latest WHO DON remains DON614 (data as of 30 July). LAST_SITREP_STABLE_DATE stays 2026-07-26; bars post-26-July provisional.",2026-08-05
2026-08-04,116,3895,4011,0,1753,768,"[Anadolu Agency (Ben Amed Azize Zougmore), ""RDC : le bilan de l'epidemie d'Ebola s'eleve a 3 874 cas confirmes"", 5 August 2026](https://www.aa.com.tr/fr/sante/rdc-le-bilan-de-l%C3%A9pid%C3%A9mie-debola-s%C3%A9l%C3%A8ve-%C3%A0-3-874-cas-confirm%C3%A9s/4019107) reporting the DRC Ministry of Public Health, Hygiene and Social Welfare situation report ""arrete au 3 aout 2026"" and released Wednesday 5 August: DR Congo 3,874 confirmed / 1,751 deaths / 749 recovered / 717 patients currently in isolation or hospitalised; case-fatality rate 45.1%; 51 health zones affected across the five provinces (Haut-Uele, Ituri, Nord-Kivu, Sud-Kivu, Tshopo) with no extension to new zones in the last 24 hours; contact follow-up rate 78.4%; 22 new recoveries in the last 24 hours. CORROBORATED INDEPENDENTLY by [Anadolu (James Tasamba), ""Le chef de l'OMS appelle a intensifier d'urgence la riposte contre Ebola en RDC"", 5 August 2026](https://www.aa.com.tr/fr/sante/le-chef-de-l-oms-appelle-%C3%A0-intensifier-d-urgence-la-riposte-contre-ebola-en-rdc/4019564), which carries the same MoH figures (3,874 cases / 1,751 deaths / CFR 45.1%). Uganda 20 confirmed / 2 deaths / 18 recovered carried (final). France 1 confirmed / 0 deaths / 1 recovered carried. Global: suspected 116 (carried, 5 June WHO DON cleaned baseline), confirmed 3895 (DRC 3874 + Uganda 20 + France 1), total 4011, suspected_deaths 0 (zeroed 30 May), confirmed_deaths 1753 (DRC 1751 + Uganda 2), recovered 768 (DRC 749 + Uganda 18 + France 1). vs 3 August (116/3823/3939/0/1709/746): confirmed +72, total +72, conf_deaths +44, recovered +22; cumulative non-decreasing. The MoH's own ""22 new recoveries in the last 24 hours"" matches this row's recovered delta exactly, which independently confirms the 727 -> 749 chain and therefore the seating of the 3 August row. MILESTONES: DRC crude CFR crosses 45% for the first time (45.1%, 1751/3874); global cumulative total (suspected + confirmed) crosses 4,000 at 4,011; global confirmed 3,895 and global CFR 45.0% (1753/3895), both outbreak highs. BACKFILL (added 2026-08-05 run, daily-row policy; the 2026-08-04 run did not fire). SEATING: seated on 4 August under the tracker's standing as-of-plus-one convention (MoH as-of 3 August). FLAGGED FOR WEB alongside the standing 1-day-lead question. RESPONSE CONTEXT: WHO Director-General Tedros Adhanom Ghebreyesus arrived in Kinshasa and met health and humanitarian partners on Wednesday 5 August, writing that ""the outbreak is spreading faster than our response is scaling up, with new cases doubling in some hotspots in the past week alone"" and calling for a massive scale-up across every response pillar with communities at the centre. WHO also reports a mobile laboratory now operating at the Kasenyi crossing on the western shore of Lake Albert in Ituri, a strategic transit point to Uganda serving more than 94,000 people, to speed case confirmation and strengthen cross-border surveillance. Africa CDC Director-General Jean Kaseya, on his second visit to Bunia on 4 August, said it is not clear when the outbreak will peak and cautioned that nearly 80% of new cases are not coming from contact tracing but from community spread; healthcare workers in Mongbwalu issued a 24-hour ultimatum over unpaid wages on 3 August, following the earlier Bunia strike. 5 August left as a GAP this run (today; no as-of-4-August or as-of-5-August figure exists from any source; to backfill next run). 27 July REMAINS A GAP (unchanged call: its only candidate source, the BNO JULY 27 graphic, re-publishes the Sitrep 11 as-of-26-July figure verbatim and would create a false-flat 26==27 duplicate). REAL-TIME PASS DEGRADED THIS RUN: Claude in Chrome reported no connected browser, so the BNO @BNOFeed daily graphic and the credentialed x.com search could not be read. The BNO website (https://bnonews.com/index.php/category/health/) was checked via the Chrome-free path and its newest Ebola article is the 1 August piece carrying the as-of-31-July figures, older than this row. Latest WHO reconciliation remains Weekly Sitrep 11 (data as of 26 July); no Sitrep 12. LAST_SITREP_STABLE_DATE stays 2026-07-26; bars post-26-July provisional. CORROBORATION (added 2026-08-05 second run; no value change): this row was carried by Anadolu alone when written and is now carried by two further independent sources, both read this run. (1) The [BNO News @BNOFeed Daily Ebola Update graphic embedded-dated AUGUST 4, 2026 (""81 DAYS SINCE FIRST CASE"")](https://x.com/BNOFeed) (read via Chrome, image zoomed for the per-country split) gives DR Congo 3,874 confirmed (+72) / 749 recovered (+22) / 1,751 deaths (+44); Uganda 20 (-) / 18 (-) / 2 (-); France 1 (-) / 1 (-) / 0 (-); TOTAL 3,895 (+72) / 768 (+22) / 1,753 (+44) - an exact match to this row on every field including the per-country split and every delta. (2) [Associated Press, ""WHO chief arrives in Congo to support Ebola response as cases near 4,000"", published 5 August 2026 05:07 ET](https://abcnews.com/International/wireStory/chief-arrives-congo-support-ebola-response-cases-4000-135378371) reports ""3,874 cases, including 1,751 deaths as of Monday, according to the latest data published overnight by Congo's Ministry of Health"", with 717 patients in isolation and 749 recovered. SEATING NOTE: AP dates the same figures ""as of Monday"", 3 August, which is the bulletin date Anadolu also gives (""arrete au 3 aout 2026"") and is one calendar day behind this row's seating - the fourth independent confirmation of the standing 1-day lead, and the first time the BNO embedded graphic date and an official as-of date have been shown to differ on the same figure. AP also notes the ministry reported 77 new cases and 44 deaths in the previous 24 hours; the death figure matches this row's +44 exactly, while the 77 exceeds this row's +72 confirmed, most likely because the ministry's 24-hour case line includes cases not yet in the confirmed cumulative. Not folded in. FLAGGED FOR WEB alongside the standing re-seat question.",2026-08-05
2026-08-05,116,3994,4110,0,1803,795,"BACKFILL (added 2026-08-09 run, daily-row policy; no run fired 6, 7 or 8 August). [BNO News @BNOFeed Daily Ebola Update graphic embedded-dated AUGUST 5, 2026 (""82 DAYS SINCE FIRST CASE""), posted 5 August](https://x.com/BNOFeed) (sourced to Ministry of Health DR Congo + Ministry of Health Uganda + Ministry of Health France + WHO; read via Chrome, image opened and zoomed for the per-country split): DR Congo 3,973 confirmed (+99) / 776 recovered (+27) / 1,801 deaths (+50); Uganda 20 (-) / 18 (-) / 2 (-); France 1 (-) / 1 (-) / 0 (-); TOTAL 3,994 confirmed (+99) / 795 recovered (+27) / 1,803 deaths (+50). The graphic's own deltas chain exactly onto the 4 August row (3,895 + 99 = 3,994; 768 + 27 = 795; 1,753 + 50 = 1,803). CORROBORATED BY A WHO SOURCE: the [Africa CDC / WHO joint news release, Kinshasa, 6 August 2026](https://www.who.int/news/item/06-08-2026-africa-cdc-and-who-call-for-urgent--community-led-action-to-contain-ebola-in-the-drc) states ""As of 4 August 2026, the DRC had reported 3973 confirmed cases, 1801 deaths and 776 recoveries across 51 health zones in five provinces"" - an exact match to the BNO per-country DRC figures, and it dates them as-of 4 August against this row's seating on 5 August (see the 1-day-lead note below). Global: suspected 116 (carried, 5 June WHO DON cleaned baseline; BNO tracks confirmed only), confirmed 3994 (DRC 3973 + Uganda 20 + France 1), total 4110, suspected_deaths 0 (zeroed 30 May), confirmed_deaths 1803 (DRC 1801 + Uganda 2), recovered 795 (DRC 776 + Uganda 18 + France 1). vs 4 August (116/3895/4011/0/1753/768): confirmed +99, total +99, conf_deaths +50, recovered +27; cumulative non-decreasing. MILESTONE: DRC confirmed deaths cross 1,800 (1,801). DRC crude CFR 45.3% (1801/3973), global CFR 45.1% (1803/3994), both outbreak highs. RESPONSE CONTEXT from the same WHO/Africa CDC release, which reports the joint high-level mission to Uganda and DRC on 4 and 5 August led by Tedros Adhanom Ghebreyesus, Africa CDC DG Jean Kaseya and WHO Regional Director for Africa Mohamed Janabi: contact follow-up stood at 75%, against the operational target of at least 95%; 674 people were under care; treatment-centre occupancy in North Kivu had reached 139%; Ituri accounts for nearly 90% of DRC confirmed cases, with Bunia, Rwampara and Mongbwalu among the most affected health zones. Tedros: ""In some areas of eastern DRC, the Ebola outbreak is outpacing our response."" NOT FOLDED IN: the same release gives 99 new confirmed cases and 52 deaths in the latest 24-hour reporting period; the 99 matches this row's confirmed delta exactly while the 52 exceeds its +50 confirmed-deaths delta, the same 24-hour-line vs cumulative-delta divergence logged on the 4 August row. SEATING: seated on the BNO embedded date AUGUST 5 per the tracker's standing convention. Latest WHO reconciliation is now Weekly External Situation Report 12 (data as of 02 August 2026, https://www.afro.who.int/countries/uganda/publication/ebola-bundibugyo-virus-disease-outbreak-democratic-republic-congo-5), published this reporting period and read via Chrome (cover summary table zoomed): DR Congo 3,802 confirmed / 1,707 confirmed deaths / 727 recovered (CFR 44.9%, no probable cases), Uganda 20 confirmed / 2 deaths (+1 probable case, 1 probable death; confirmed+probable 21/3, CFR 14.3%), France 1 confirmed / 0 deaths. LAST_SITREP_STABLE_DATE advanced 2026-07-26 -> 2026-08-02 this run. 1-DAY-LEAD NOTE: Sitrep 12 as-of-2-August DRC figures (3,802/1,707/727) are an EXACT match to this tracker's existing 3 AUGUST row on all three fields, the FIFTH independent confirmation that the series sits one calendar day ahead of official as-of dates. Not applied to the 2 August row, which would create a false-flat 2==3 August duplicate; same call as Sitrep 10 vs the 20 July row and DON614 vs the 31 July row. The structural -1-day re-seat remains deferred to Web. CDC Travel Health Notices verified via Chrome on the per-country pages this run: DRC Ituri and Nord-Kivu Level 4 (Avoid All Travel), Haut-Uele and Tshopo Level 3, combined DRC+Uganda Level 2, all pages last reviewed 04 August 2026; unchanged. Bars provisional post-02-August.",2026-08-09
2026-08-06,116,4074,4190,0,1852,812,"BACKFILL (added 2026-08-09 run, daily-row policy; no run fired 6, 7 or 8 August). [BNO News @BNOFeed Daily Ebola Update graphic embedded-dated AUGUST 6, 2026 (""83 DAYS SINCE FIRST CASE""), posted 6 August](https://x.com/BNOFeed/status/2085706639823266199) (sourced to Ministry of Health DR Congo + Ministry of Health Uganda + Ministry of Health France + WHO; read via Chrome, image opened in the lightbox and zoomed for the per-country split): DR Congo 4,053 confirmed (+80) / 793 recovered (+17) / 1,850 deaths (+49); Uganda 20 (-) / 18 (-) / 2 (-); France 1 (-) / 1 (-) / 0 (-); TOTAL 4,074 confirmed (+80) / 812 recovered (+17) / 1,852 deaths (+49). The graphic's own deltas chain exactly onto the 5 August row (3,994 + 80 = 4,074; 795 + 17 = 812; 1,803 + 49 = 1,852). CORROBORATED INDEPENDENTLY BY THREE FURTHER SOURCES. (1) [ECDC epidemiological update, page last updated 7 August 15:40](https://www.ecdc.europa.eu/en/ebola-outbreak-democratic-republic-congo-and-uganda): ""On 6 August 2026, the Democratic Republic of the Congo published a situation update reporting a total of 4 053 confirmed cases, including 1 850 related deaths (from data up until 5 August). A total of 694 patients are hospitalised in isolation. This represents an increase of 80 new confirmed cases and 49 deaths since the previous report on 5 August (reporting data up until 4 August)."" ECDC additionally gives contact follow-up at 77.7% and 53 of 140 health zones affected across the five provinces. (2) [Xinhua, Kinshasa 6 August](https://french.news.cn/20260807/9d265059e40941a98693d29022ec7b91/c.html): 4,053 confirmed / 1,850 deaths / 793 recovered / 694 in isolation, with MSF warning the situation in eastern DRC is ""plus critique que jamais"" and the epidemic spreading at an ""alarmant et sans precedent"" rate. (3) [Al Jazeera (AFP/Reuters), 7 August](https://www.aljazeera.com/news/2026/8/7/ebola-cases-top-4000-in-drc-as-who-urges-ervebo-vaccine-trial): same 4,053 / 1,850 from the latest Ministry of Health situation report, with 87% of cases in Ituri and 11% in North Kivu across 53 health zones in five provinces. Global: suspected 116 (carried, 5 June WHO DON cleaned baseline; BNO tracks confirmed only), confirmed 4074 (DRC 4053 + Uganda 20 + France 1), total 4190, suspected_deaths 0 (zeroed 30 May), confirmed_deaths 1852 (DRC 1850 + Uganda 2), recovered 812 (DRC 793 + Uganda 18 + France 1). vs 5 August (116/3994/4110/0/1803/795): confirmed +80, total +80, conf_deaths +49, recovered +17; cumulative non-decreasing. MILESTONE: DRC confirmed cases cross 4,000 (4,053) and global confirmed crosses 4,000 (4,074). DRC crude CFR 45.6% (1850/4053), global CFR 45.5% (1852/4074), both outbreak highs. MATERIAL: on Friday 7 August the WHO Technical Advisory Group on Candidate Vaccine Prioritization recommended that Ervebo, the only licensed Ebola vaccine (efficacious against Zaire ebolavirus, no licensed vaccine exists for Bundibugyo), be prioritised for inclusion in a randomised clinical trial in the context of this outbreak, on preliminary animal data suggesting partial cross-protection - three of four vaccinated non-human primates survived Bundibugyo challenge against one of four controls, and an unpublished ferret study found 100% protection from a research-grade formulation. TAG-CVP cautions that a Bundibugyo-specific vaccine remains the preferred option and that expectations should be managed, since efficacy against symptomatic disease and transmission may not be high even where protection against a fatal outcome is achieved. Gavi holds a stockpile of 500,000 Ervebo doses and will make some available for the trials, with some already in DRC ([Al Jazeera](https://www.aljazeera.com/news/2026/8/7/ebola-cases-top-4000-in-drc-as-who-urges-ervebo-vaccine-trial); [UN News, 7 August](https://news.un.org/en/story/2026/08/1168100)). SEATING: seated on the BNO embedded date AUGUST 6 per the tracker's standing convention. ECDC dates the identical figure to data up until 5 August, i.e. one calendar day behind this row - the SIXTH independent confirmation of the 1-day lead, and the first to state both the publication date (6 August) and the data date (5 August) explicitly in a single sentence, which settles that the BNO embedded date tracks the bulletin PUBLICATION date. FLAGGED FOR WEB alongside the standing re-seat question. Latest WHO reconciliation is now Weekly External Situation Report 12 (data as of 02 August 2026, https://www.afro.who.int/countries/uganda/publication/ebola-bundibugyo-virus-disease-outbreak-democratic-republic-congo-5), published this reporting period and read via Chrome (cover summary table zoomed): DR Congo 3,802 confirmed / 1,707 confirmed deaths / 727 recovered (CFR 44.9%, no probable cases), Uganda 20 confirmed / 2 deaths (+1 probable case, 1 probable death; confirmed+probable 21/3, CFR 14.3%), France 1 confirmed / 0 deaths. LAST_SITREP_STABLE_DATE advanced 2026-07-26 -> 2026-08-02 this run. 1-DAY-LEAD NOTE: Sitrep 12 as-of-2-August DRC figures (3,802/1,707/727) are an EXACT match to this tracker's existing 3 AUGUST row on all three fields, the FIFTH independent confirmation that the series sits one calendar day ahead of official as-of dates. Not applied to the 2 August row, which would create a false-flat 2==3 August duplicate; same call as Sitrep 10 vs the 20 July row and DON614 vs the 31 July row. The structural -1-day re-seat remains deferred to Web. Bars provisional post-02-August.",2026-08-09
2026-08-07,116,4141,4257,0,1889,829,"[BNO News @BNOFeed Daily Ebola Update graphic embedded-dated AUGUST 7, 2026 (""84 DAYS SINCE FIRST CASE""), posted 5:50 PM 8 August](https://x.com/BNOFeed/status/2086253696707334645) (sourced to Ministry of Health DR Congo + Ministry of Health Uganda + Ministry of Health France + WHO; read via Chrome, image opened in the lightbox and zoomed for the per-country split): DR Congo 4,120 confirmed (+67) / 810 recovered (+17) / 1,887 deaths (+37); Uganda 20 (-) / 18 (-) / 2 (-); France 1 (-) / 1 (-) / 0 (-); TOTAL 4,141 confirmed (+67) / 829 recovered (+17) / 1,889 deaths (+37). The graphic's own deltas chain exactly onto the 6 August row (4,074 + 67 = 4,141; 812 + 17 = 829; 1,852 + 37 = 1,889). Global: suspected 116 (carried, 5 June WHO DON cleaned baseline; BNO tracks confirmed only), confirmed 4141 (DRC 4120 + Uganda 20 + France 1), total 4257, suspected_deaths 0 (zeroed 30 May), confirmed_deaths 1889 (DRC 1887 + Uganda 2), recovered 829 (DRC 810 + Uganda 18 + France 1). vs 6 August (116/4074/4190/0/1852/812): confirmed +67, total +67, conf_deaths +37, recovered +17; cumulative non-decreasing. DRC crude CFR 45.8% (1887/4120), global CFR 45.6% (1889/4141), both outbreak highs. This is the SINGLE-SOURCE row of the three added this run: no wire or institutional publication had picked up the as-of-6-August bulletin at run time, so it rests on the BNO graphic alone and carries the usual downward-reconciliation risk of a running count. MATERIAL (no effect on the counts): [UN News, 7 August 2026](https://news.un.org/en/story/2026/08/1168100) reports that more than 300 children have now died in the outbreak, per UNICEF, and that children make up nearly a quarter of confirmed cases but almost a third of all deaths. OCHA reports children and women bearing a disproportionate share in Ituri, a province where nearly one million people are displaced by conflict and women and children are around 80% of the displaced. Use of health services in the hardest-hit areas has fallen by more than 40% in recent months as fear of infection keeps people away (UN Deputy Spokesperson Farhan Haq); UNFPA reports maternal deaths in Ituri have nearly doubled since the outbreak began, at roughly six women a week dying of childbirth-related complications, with Ebola infection in pregnancy associated with almost universal fetal loss. Some 13,000 community workers deployed by the DRC health ministry with Africa CDC, UNICEF and WHO have reached more than 2.4 million people and made over 500,000 household visits. Separately, [UNHCR reported on 6 August](https://news.un.org/en/story/2026/08/1168092) that the virus has reached displacement camps, infecting 19 internally displaced people and killing five. These are disaggregations and service-delivery indicators, not surveillance totals, and none is folded into any column. SEATING: seated on the BNO embedded date AUGUST 7 per the tracker's standing convention; on the ECDC evidence logged on the 6 August row this corresponds to a DRC bulletin published 7 August carrying data up until 6 August. FLAGGED FOR WEB alongside the standing re-seat question. Latest WHO reconciliation is now Weekly External Situation Report 12 (data as of 02 August 2026, https://www.afro.who.int/countries/uganda/publication/ebola-bundibugyo-virus-disease-outbreak-democratic-republic-congo-5), published this reporting period and read via Chrome (cover summary table zoomed): DR Congo 3,802 confirmed / 1,707 confirmed deaths / 727 recovered (CFR 44.9%, no probable cases), Uganda 20 confirmed / 2 deaths (+1 probable case, 1 probable death; confirmed+probable 21/3, CFR 14.3%), France 1 confirmed / 0 deaths. LAST_SITREP_STABLE_DATE advanced 2026-07-26 -> 2026-08-02 this run. 1-DAY-LEAD NOTE: Sitrep 12 as-of-2-August DRC figures (3,802/1,707/727) are an EXACT match to this tracker's existing 3 AUGUST row on all three fields, the FIFTH independent confirmation that the series sits one calendar day ahead of official as-of dates. Not applied to the 2 August row, which would create a false-flat 2==3 August duplicate; same call as Sitrep 10 vs the 20 July row and DON614 vs the 31 July row. The structural -1-day re-seat remains deferred to Web. 8 August left as a GAP this run: @BNOFeed's newest Daily Ebola Update graphic is the AUGUST 7 edition and no as-of-7-August official figure exists from any source; to backfill next run. CDC Travel Health Notices verified via Chrome on the per-country pages this run (DRC Ituri/Nord-Kivu Level 4, Haut-Uele/Tshopo Level 3, combined DRC+Uganda Level 2, all last reviewed 04 August 2026); unchanged, and Uganda is still named in the Level 2 notice twelve days after its end-of-outbreak declaration. HAN-00530 and the 17 May PHEIC unchanged. Bars provisional post-02-August. CORROBORATION (added 2026-08-10 run; no value change): this row was SINGLE-SOURCE on the BNO graphic when written and is now carried by the official DRC surveillance channel. The [DRC Ministry of Public Health situation report published by the Ministry of Communication and Media, ""#EbolaRDC | Point de situation - 6 aout 2026"", posted 8 August](https://x.com/Com_mediasRDC) reports DR Congo 4,120 confirmed / 810 recovered / 1,887 deaths, 721 patients in isolation or hospitalised, contact tracing 77.7%, 53 health zones across 5 provinces, and Ituri at 86.5% of cumulative cases - an exact match to this row on every field. This is the same channel ECDC cites, so the row is no longer wire-only. It is also a seventh confirmation of the 1-day lead: the Ministry labels the bulletin 6 August against this row's seating on 7 August. Not applied; the structural -1-day re-seat remains deferred to Web.",2026-08-09
2026-08-08,116,4230,4346,0,1918,847,"[DRC Ministry of Public Health situation report, published by the Ministry of Communication and Media, ""#EbolaRDC | Point de situation - 7 aout 2026"", posted 11:47 AM 9 August](https://x.com/Com_mediasRDC/status/2086479475491942733) (read via Chrome; this is the same official channel ECDC cites for its DRC figures): DR Congo 4,209 confirmed / 828 recovered / 1,916 deaths; 595 patients in isolation or hospitalised; contact tracing at 83.4%, against the operational threshold of 85%; 53 health zones across 5 provinces (Haut-Uele, Ituri, Nord-Kivu, Sud-Kivu, Tshopo), with transmission active in Ituri, Nord-Kivu and Haut-Uele and Ituri the main epicentre. Uganda 20 confirmed / 2 deaths / 18 recovered carried (outbreak declared over 28 July; figures final). France 1 confirmed / 0 deaths / 1 recovered carried (flat since 24 June). Global: suspected 116 (carried, 5 June WHO DON cleaned baseline), confirmed 4230 (DRC 4209 + Uganda 20 + France 1), total 4346, suspected_deaths 0 (zeroed 30 May), confirmed_deaths 1918 (DRC 1916 + Uganda 2), recovered 847 (DRC 828 + Uganda 18 + France 1). vs 7 August (116/4141/4257/0/1889/829): confirmed +89, total +89, conf_deaths +29, recovered +18; cumulative non-decreasing. MILESTONES: DRC confirmed deaths cross 1,900 (1,916) and global confirmed crosses 4,200 (4,230). NOTABLE, AND THE FIRST GOOD DAY IN A WHILE: the +29 confirmed deaths is the smallest one-day death increment since 20 July, against the largest one-day case increment since 5 August, so crude CFR FALLS for the first time in five days - DRC 45.8% -> 45.5% (1916/4209), global 45.6% -> 45.3% (1918/4230). Contact tracing also climbs to 83.4% from 77.7% on the as-of-5-August bulletin and 75% at the WHO/Africa CDC joint mission on 4-5 August, the first time it has come within two points of the 85% operational threshold. Read as one day of a running wire-grade count, not a turn: derived active (live) cases still RISE, 1,423 -> 1,465. SOURCE-INTERNAL ANOMALY, not folded in: the bulletin reports 595 patients in isolation or hospitalised against 721 on the as-of-5-August bulletin and 694 on the as-of-4-August one, a fall of 126 on a day when derived active cases rose by 42. Isolation occupancy is a point-in-time bed count on a different basis from the cumulative columns and is not reconciled here; flagged in case a later WHO product explains it. SEATING: the Ministry labels this bulletin ""7 aout 2026"" and it seats on 8 August under the tracker standing as-of-plus-one convention. The convention is verified against this exact source series this run: the Ministry bulletin labelled ""6 aout 2026"" (posted 8 August) reports 4,120 / 810 / 1,887, which is this tracker existing 7 AUGUST row on every field, and the bulletin labelled ""4 aout 2026"" reports the figures WHO dates ""as of 4 August"" and this tracker seats on 5 August. FLAGGED FOR WEB alongside the standing -1-day re-seat question, which remains deferred and is not auto-applied. MATERIAL (no effect on the counts): Africa CDC Director-General Jean Kaseya told a media briefing on Thursday 6 August that he and WHO Director-General Tedros Adhanom Ghebreyesus had agreed to commission a study into whether the Bundibugyo virus is mutating, ""because the level of severity of this Bundibugyo outbreak is unprecedented"" ([Health Policy Watch, 7 August](https://healthpolicy-watch.news/alarming-ebola-spread-raises-question-of-viral-mutation/); also carried by [The Guardian](https://www.aol.co.uk/articles/ebola-virus-behind-massive-outbreak-161846000.html)). Kaseya also reported that 67% of Ebola deaths last week occurred in communities rather than health facilities, usually identified by post-mortem testing; that around 140 health workers have been infected; that DRC averages about 10 contacts per patient against 40+ in Uganda; and that Ebola treatment centres in Nord-Kivu were running at 128-157% occupancy against 56-69% in Ituri. On 6 August DRC authorities intercepted a passenger boat carrying about 200 people roughly 65 km from Kinshasa after a passenger with suspected Ebola symptoms disembarked and died ([Reuters](https://www.reuters.com/business/healthcare-pharmaceuticals/congo-intercepts-passenger-boat-near-kinshasa-that-carried-suspected-ebola-case-2026-08-06/)); the outbreak has not reached Kinshasa, population roughly 17 million. 9 AND 10 AUGUST LEFT AS GAPS this run: the Ministry has published no bulletin labelled 8 or 9 August, and @BNOFeed has posted no Daily Ebola Update graphic since its AUGUST 7 edition on 8 August, a two-day BNO publication gap. To backfill next run. Latest WHO reconciliation remains Weekly External Situation Report 12 (data as of 02 August 2026); the AFRO DRC publications list read via Chrome this run shows Sitrep 12 as newest, no Sitrep 13. Latest WHO DON remains DON614 (data as of 30 July). CDC Travel Health Notices verified via Chrome on the per-country pages this run: DRC Ituri and Nord-Kivu Level 4, Haut-Uele and Tshopo Level 3, combined DRC+Uganda Level 2, all pages last reviewed 04 August 2026; unchanged, and Uganda is still named in the Level 2 notice thirteen days after its end-of-outbreak declaration. HAN-00530 and the 17 May PHEIC unchanged. LAST_SITREP_STABLE_DATE stays 2026-08-02; bars provisional post-02-August. CORROBORATION (added 2026-08-11 run; no value change): this row now also rests on an institutional source. [ECDC epidemiological update, page last updated 10 August 14:50](https://www.ecdc.europa.eu/en/ebola-outbreak-democratic-republic-congo-and-uganda) states: ""On 8 August 2026, the Democratic Republic of the Congo reported a total of 4 209 confirmed cases, including 1 916 related deaths (from data up until 7 August). A total of 595 patients are hospitalised in isolation... Among the individuals that tested positive for Bundibugyo virus, 828 have recovered. In total, 83.4% of identified case contacts are under follow-up"" - an exact match to this row on every field, and it links the underlying [INSP sitrep n085](https://insp.cd/sitrep-n085-mvebdb-07-08-2026/). ECDC adds the provincial split, which sums exactly to 4,209: Ituri 3,636 cases / 1,551 deaths across 28 of 36 health zones; Nord-Kivu 470 / 315 across 12 of 34; Haut-Uele 91 / 44 across 6 of 13; Tshopo 9 / 5 across 6 of 23; Sud-Kivu 3 / 1 in 1 of 34. The 89 new cases split Ituri 73, Nord-Kivu 12, Haut-Uele 4. ECDC ARITHMETIC SLIP, not folded in: its text describes the change from the previous report as ""89 new confirmed cases and 21 deaths"", but its own cumulative figures move 1,887 -> 1,916, a rise of 29, which is what this row carries. ECDC also notes DRC confirmed-case and death data are ""under continuous review and harmonisation"". SEATING: ECDC dates these figures to data up until 7 August against this row seated on 8 August, consistent with the standing 1-day lead.",2026-08-10
2026-08-09,116,4315,4431,0,1962,868,"[DRC Ministry of Public Health situation report, published by the Ministry of Communication and Media, ""#EbolaRDC | Point de situation - 8 aout 2026"", posted the evening of 10 August](https://x.com/Com_mediasRDC) (read via Chrome; this is the same official channel ECDC cites for its DRC figures): DR Congo 4,294 confirmed / 849 recovered / 1,960 deaths; 722 patients in isolation or hospitalised; contact tracing 84.6%, now within half a point of the 85% operational threshold; 53 health zones of 140 and 246 health areas across the 5 provinces (Haut-Uele, Ituri, Nord-Kivu, Sud-Kivu, Tshopo); transmission active in Ituri, Nord-Kivu and Haut-Uele with Ituri the epicentre; Sud-Kivu has now gone 73 days without a new confirmed case. CORROBORATED INDEPENDENTLY BY TWO WIRES, both read this run. (1) [EFE via Infobae, 10 August 12:16 ET](https://www.infobae.com/america/agencias/2026/08/10/la-rd-del-congo-aumenta-a-1960-la-cifra-de-muertos-y-4294-los-casos-confirmados-de-ebola/) carries the same 4,294 / 1,960 / 849 / 722, CFR 45.6% and contact tracing 84.6%, and states explicitly that the bulletin carries ""datos recopilados hasta el 8 de agosto"". (2) [Europa Press via Infobae, 10 August 17:16 ET](https://www.infobae.com/america/agencias/2026/08/10/el-ebola-deja-1960-muertos-y-cerca-de-4500-casos-confirmados-en-republica-democratica-del-congo/) carries the same figures and describes the source as the evening bulletin of the Institut National de Sante Publique ""que abarca hasta el pasado sabado"" (Saturday 8 August). Uganda 20 confirmed / 2 deaths / 18 recovered carried (outbreak declared over 28 July; figures final). France 1 confirmed / 0 deaths / 1 recovered carried (flat since 24 June). Global: suspected 116 (carried, 5 June WHO DON cleaned baseline), confirmed 4315 (DRC 4294 + Uganda 20 + France 1), total 4431, suspected_deaths 0 (zeroed 30 May), confirmed_deaths 1962 (DRC 1960 + Uganda 2), recovered 868 (DRC 849 + Uganda 18 + France 1). vs 8 August (116/4230/4346/0/1918/847): confirmed +85, total +85, conf_deaths +44, recovered +21; cumulative non-decreasing. MILESTONES: global confirmed crosses 4,300 (4,315) and global cumulative total crosses 4,400 (4,431). DRC crude CFR 45.6% (1960/4294), global CFR 45.5% (1962/4315). THE 8 AUGUST DIP DOES NOT HOLD: the +44 confirmed deaths is back above the +29 that produced the first CFR fall in five days on the 8 August row, so DRC CFR resumes climbing 45.5% -> 45.6% and that fall reads as noise in a running count rather than a turn, exactly as it was logged. Derived active (live) cases also keep rising, 1,465 -> 1,485. Contact tracing is the one indicator still moving the right way, 83.4% -> 84.6%, its highest of the outbreak. SEATING: the Ministry labels this bulletin ""8 aout 2026"" and it seats on 9 August under the tracker standing as-of-plus-one convention. Both wires independently date the data to 8 August, which is the EIGHTH independent confirmation of the 1-day lead. FLAGGED FOR WEB alongside the standing -1-day re-seat question, which remains deferred and is not auto-applied. PUBLICATION NOTE: the Ministry published no bulletin at all on 9 August, so this one appeared two calendar days after its data date rather than the usual one. The convention is applied to the DATA date, not the posting date, so the two-day publication lag does not move the seating. HEADLINE ERROR NOTED, not folded in: the Europa Press headline reads ""cerca de 4.500 casos confirmados"" against its own body text of 4,294; the body figure is used. 10 AND 11 AUGUST LEFT AS GAPS this run: no as-of-9-August or as-of-10-August figure exists from any source, and @BNOFeed has posted no Daily Ebola Update graphic since its AUGUST 7 edition on 8 August, now a three-day BNO publication gap. To backfill next run. Latest WHO reconciliation remains Weekly External Situation Report 12 (data as of 02 August 2026); the server-rendered [AFRO DRC publications list](https://www.afro.who.int/countries/democratic-republic-of-congo/publications) read via Chrome this run shows Sitrep 12 as newest, no Sitrep 13. Latest WHO DON remains DON614 (data as of 30 July). CDC Travel Health Notices verified via Chrome on the per-country pages this run: DRC Ituri and Nord-Kivu Level 4, Haut-Uele and Tshopo Level 3, combined DRC+Uganda Level 2, all pages last reviewed 04 August 2026; unchanged, and Uganda is still named in the Level 2 notice fourteen days after its end-of-outbreak declaration. The CDC Travel Notices INDEX page served its known stale cache again this run (it lists no Level 4 notices at all and dates the DRC Level 3 notice to 15 June); the per-country pages are authoritative per METHODOLOGY and were used. HAN-00530 and the 17 May PHEIC unchanged. LAST_SITREP_STABLE_DATE stays 2026-08-02; bars provisional post-02-August.",2026-08-11
2026-08-10,116,4402,4518,0,2013,888,"BACKFILL (added 2026-08-11 run, daily-row policy; 10 August was left as a gap on the previous run because the DRC bulletin covering 9 August had not yet been published). DRC Ministry of Public Health / Institut National de Sante Publique situation report as of 9 August 2026, published overnight 10-11 August, carried by [AFP via watson.ch, 11 August 2026 12:02](https://www.watson.ch/fr/international/sante/182338507-l-epidemie-d-ebola-franchit-le-cap-des-2000-morts-en-rdc) (""2011 morts, sur 4381 cas confirmes, selon le dernier bilan publie par les autorites congolaises mardi""; CFR 45,9%) and by [Associated Press via Al Jazeera, 11 August 2026 10:52](https://www.aljazeera.com/news/2026/8/11/drc-ebola-death-toll-passes-2000-amid-fastest-growing-outbreak-on-record) (""A total of 4,381 Ebola cases across five provinces of the DRC have been confirmed as of Tuesday, including 2,011 deaths""). [UN News (French), 11 August](https://news.un.org/fr/story/2026/08/1159293) dates the publication precisely and names the prior bulletin: ""les donnees des autorites sanitaires congolaises publiees dans la nuit de lundi a mardi font etat de 4.381 cas confirmes, dont 2.011 deces. Le precedent bilan, date du 8 aout, faisait etat de 4.294 cas confirmes, dont 1.960 deces."" DR Congo 4,381 confirmed / 869 recovered / 2,011 deaths. RECOVERED IS RECONSTRUCTED, not read directly: no source published a recovered figure for this bulletin, but the [BNO News @BNOFeed Daily Ebola Update graphic embedded-dated AUGUST 11, 2026 (""88 DAYS SINCE FIRST CASE"")](https://x.com/BNOFeed/status/2087394451425472935) (read via Chrome, image opened in the lightbox and zoomed for the per-country split) reports DR Congo 886 recovered (+17), so the prior-day figure is 886 - 17 = 869. Same reconstruction method used for the 2026-06-03 recovered figure (see METHODOLOGY ""Recovered and active cases""). The same graphic independently reproduces the other two fields of this row: 4,449 - 68 = 4,381 confirmed and 2,061 - 50 = 2,011 deaths, an exact match to both wires. Uganda 20 confirmed / 2 deaths / 18 recovered carried (outbreak declared over 28 July; figures final). France 1 confirmed / 0 deaths / 1 recovered carried (flat since 24 June). Global: suspected 116 (carried, 5 June WHO DON cleaned baseline), confirmed 4402 (DRC 4381 + Uganda 20 + France 1), total 4518, suspected_deaths 0 (zeroed 30 May), confirmed_deaths 2013 (DRC 2011 + Uganda 2), recovered 888 (DRC 869 + Uganda 18 + France 1). vs 9 August (116/4315/4431/0/1962/868): confirmed +87, total +87, conf_deaths +51, recovered +20; cumulative non-decreasing. MILESTONE: DRC confirmed deaths cross 2,000 (2,011) and global confirmed deaths cross 2,000 (2,013), 88 days after the first case. The second thousand deaths took about three weeks against about nine weeks for the first: UN Senior Ebola Coordinator Julien Harneis, quoted by UN News, ""the Ebola outbreak has passed 2,000 deaths, half of them in the last 20 days."" DRC crude CFR 45.9% (2011/4381), global CFR 45.7% (2013/4402), both outbreak highs. Derived active (live) cases rise 1,485 -> 1,501. SEATING: seated on 10 August under the tracker standing as-of-plus-one convention (bulletin data date 9 August, publication date 11 August). The bulletin's own arithmetic settles the date: a cumulative surveillance count cannot skip a day, and +87 confirmed is a one-day step at this outbreak's current rate, not the ~170 that two days would imply, so this is the as-of-9-August bulletin rather than an as-of-10-August one. The as-of-10-August bulletin exists separately and is seated on the 11 August row. FLAGGED FOR WEB alongside the standing -1-day re-seat question. Latest WHO reconciliation remains Weekly External Situation Report 12 (data as of 02 August 2026); no Sitrep 13. Latest WHO DON remains DON614 (data as of 30 July). LAST_SITREP_STABLE_DATE stays 2026-08-02; bars provisional post-02-August.",2026-08-11
2026-08-11,116,4470,4586,0,2063,905,"[DRC Ministry of Public Health situation report, published by the Ministry of Communication and Media, ""#EbolaRDC | Point de situation - 10 aout 2026"", posted the evening of 11 August](https://x.com/Com_mediasRDC) (read via Chrome; this is the same official channel ECDC cites for its DRC figures): DR Congo 4,449 confirmed / 886 recovered / 2,061 deaths; 716 patients in isolation or hospitalised; case-fatality rate 46.3%; contact tracing 82.7%; 53 health zones across the 5 provinces (Haut-Uele, Ituri, Nord-Kivu, Sud-Kivu, Tshopo) with the geographic footprint unchanged; Ituri remains the main epicentre; Sud-Kivu has now gone 75 days without a new confirmed case. CORROBORATED EXACTLY by the [BNO News @BNOFeed Daily Ebola Update graphic embedded-dated AUGUST 11, 2026 (""88 DAYS SINCE FIRST CASE""), posted 11 August](https://x.com/BNOFeed/status/2087394451425472935) (sourced to Ministry of Health DR Congo + Ministry of Health Uganda + Ministry of Health France + WHO; read via Chrome, image opened in the lightbox and zoomed for the per-country split): DR Congo 4,449 confirmed (+68) / 886 recovered (+17) / 2,061 deaths (+50); Uganda 20 (-) / 18 (-) / 2 (-); France 1 (-) / 1 (-) / 0 (-); TOTAL 4,470 confirmed (+68) / 905 recovered (+17) / 2,063 deaths (+50) - an exact match to the Ministry bulletin on every field including the per-country split. This is BNO's first Daily Ebola Update since its AUGUST 7 edition posted 8 August, ending a three-day publication gap. Global: suspected 116 (carried, 5 June WHO DON cleaned baseline; BNO tracks confirmed only), confirmed 4470 (DRC 4449 + Uganda 20 + France 1), total 4586, suspected_deaths 0 (zeroed 30 May), confirmed_deaths 2063 (DRC 2061 + Uganda 2), recovered 905 (DRC 886 + Uganda 18 + France 1). vs 10 August (116/4402/4518/0/2013/888): confirmed +68, total +68, conf_deaths +50, recovered +17; cumulative non-decreasing. MILESTONES: DRC crude CFR crosses 46% for the first time (46.3%, 2061/4449); global CFR 46.2% (2063/4470); global cumulative total (suspected + confirmed) crosses 4,500 at 4,586. NOTABLE: derived active (live) cases are essentially FLAT, 1,501 -> 1,502, the first day since 2 August that the active line has not climbed. The day's outflow (17 recovered + 50 deaths = 67) almost exactly matches the inflow (+68 confirmed). Read as the inflow slowing to meet an outflow still dominated by deaths rather than recoveries, not as a turn. CONTACT TRACING FALLS: 84.6% -> 82.7%, reversing three consecutive bulletins of improvement and moving back away from the 85% operational threshold. Isolation occupancy 722 -> 716. SEATING: the Ministry labels this bulletin ""10 aout 2026"" and it seats on 11 August under the tracker standing as-of-plus-one convention; the BNO graphic carrying the identical figures is embedded-dated AUGUST 11, which is a further confirmation that the BNO embedded date tracks the bulletin PUBLICATION date and that the series sits one calendar day ahead of official as-of dates. FLAGGED FOR WEB alongside the standing -1-day re-seat question, which remains deferred and is not auto-applied. MATERIAL (no effect on the counts): WHO said on Monday 10 August that the outbreak probably began in February, three months before it was declared on 15 May, with early cases misattributed to malaria and typhoid and the first tests targeting the more common Zaire ebolavirus; WHO Regional Director for Africa Mohamed Janabi said the response is ""running after the virus, but the virus is ahead of us"" ([UN News, 11 August](https://news.un.org/fr/story/2026/08/1159293); [Al Jazeera, 10 August](https://www.aljazeera.com/news/2026/8/10/drcs-ebola-outbreak-began-months-before-officially-declared-says-who)). Israel's Ministry of Health announced on 11 August that it had been alerted to a possible Ebola case in a citizen who returned from DRC and developed a fever; the person is in isolation and results were expected within 24 hours ([Al Jazeera/AP, 11 August](https://www.aljazeera.com/news/2026/8/11/drc-ebola-death-toll-passes-2000-amid-fastest-growing-outbreak-on-record)). This is NOT a confirmed case, is not folded into any column, and no row was added to declarations.csv; to follow next run. Latest WHO reconciliation remains Weekly External Situation Report 12 (data as of 02 August 2026); the server-rendered [AFRO DRC publications list](https://www.afro.who.int/countries/democratic-republic-of-congo/publications) read this run shows Sitrep 12 as newest, no Sitrep 13 (now ~1 week past its nominal 9 August slot). Latest WHO DON remains DON614 (data as of 30 July). CDC Travel Health Notices verified via Chrome on the per-country pages this run: DRC Ituri and Nord-Kivu Level 4 (Avoid All Travel), Haut-Uele and Tshopo Level 3, combined DRC+Uganda Level 2, all pages last reviewed 04 August 2026; unchanged, and Uganda is still named in the Level 2 notice sixteen days after its end-of-outbreak declaration. HAN-00530 and the 17 May PHEIC unchanged. LAST_SITREP_STABLE_DATE stays 2026-08-02; bars provisional post-02-August.",2026-08-11
2026-08-12,116,4587,4703,0,2130,937,"BACKFILL (added 2026-08-14 run, daily-row policy; 12 August was left as a gap on the 12 August evening run because the DRC bulletin covering 11 August had not yet published). DRC Ministry of Public Health / Institut National de Sante Publique situation report as of 11 August 2026, published 12 August. Read this run from THREE INDEPENDENT SOURCES that agree exactly. (1) [BNO News @BNOFeed Daily Ebola Update graphic, posted 11:04 PM 12 August](https://x.com/BNOFeed/status/2087737104470065372) (sourced to Ministry of Health DR Congo + Ministry of Health Uganda + Ministry of Health France + WHO; read via Chrome, image opened in the lightbox and zoomed for the per-country split): DR Congo 4,566 confirmed (+117) / 918 recovered (+32); Uganda 20 (-) / 18 (-); France 1 (-) / 1 (-); TOTAL 4,587 confirmed (+117) / 937 recovered (+32) / 2,130 deaths (+67). (2) [ECDC epidemiological update, page last updated 13 August 13:34](https://www.ecdc.europa.eu/en/ebola-outbreak-democratic-republic-congo-and-uganda): ""On 12 August 2026, the Democratic Republic of the Congo published a situation update reporting a total of 4 566 confirmed cases, including 2 128 related deaths (from data up until 11 August). A total of 570 patients are hospitalised in isolation. This represents an increase of 117 new confirmed cases and 67 deaths since the previous report on 11 August (reporting data up until 10 August)."" ECDC adds contact follow-up at 82.4% and 53 of 140 health zones across five provinces. (3) [Al Jazeera (AFP/AP/Reuters), 13 August 17:18](https://www.aljazeera.com/news/2026/8/13/dr-congo-ebola-outbreak-spreads-to-a-sixth-province): ""It has killed 2,128 people out of 4,566 cases recorded, according to government figures."" Uganda 20 confirmed / 2 deaths / 18 recovered carried (outbreak declared over 28 July; figures final). France 1 confirmed / 0 deaths / 1 recovered carried (flat since 24 June). Global: suspected 116 (carried, 5 June WHO DON cleaned baseline; BNO tracks confirmed only), confirmed 4587 (DRC 4566 + Uganda 20 + France 1), total 4703, suspected_deaths 0 (zeroed 30 May), confirmed_deaths 2130 (DRC 2128 + Uganda 2), recovered 937 (DRC 918 + Uganda 18 + France 1). vs 11 August (116/4470/4586/0/2063/905): confirmed +117, total +117, conf_deaths +67, recovered +32; cumulative non-decreasing. MILESTONES: global cumulative total (suspected + confirmed) crosses 4,700 at 4,703; DRC crude CFR 46.6% (2128/4566) and global CFR 46.4% (2130/4587), both outbreak highs. The +117 confirmed is the largest one-day case increment since the 23 July INSP reconciliation, and the +67 deaths the largest one-day death increment of the outbreak outside that event. Derived active (live) cases rise 1,502 -> 1,520. ISOLATION OCCUPANCY ANOMALY, not folded in: 570 hospitalised in isolation against 716 on the as-of-10-August bulletin, a fall of 146 on a day active cases rose by 18. Same pattern flagged on the 8 August row, where it reversed the next bulletin; point-in-time bed count on a different basis from the cumulative columns, not reconciled here. SEATING: the bulletin data date is 11 August and it seats on 12 August under the tracker standing as-of-plus-one convention. ECDC states the publication date (12 August) and the data date (11 August) explicitly, the NINTH independent confirmation of the 1-day lead. FLAGGED FOR WEB alongside the standing -1-day re-seat question, which remains deferred and is not auto-applied. CDC Travel Health Notices verified via Chrome on the per-country pages this run: DRC Ituri and Nord-Kivu Level 4 (Avoid All Travel), Haut-Uele and Tshopo Level 3, combined DRC+Uganda Level 2, all three pages read ""Page last reviewed: August 04, 2026""; unchanged. CDC renewed its 42 CFR 71.40 entry-restriction order on 12 August, continuing the temporary US entry restrictions for travellers recently in DRC, Uganda or South Sudan ([CDC Situation Summary, updated 12 August](https://www.cdc.gov/ebola/situation-summary/index.html)); a continuation, not a new level, so no declarations.csv change. Latest WHO reconciliation remains Weekly External Situation Report 13 (data as of 09 August 2026); the server-rendered [AFRO DRC publications list](https://www.afro.who.int/countries/democratic-republic-of-congo/publications) read this run shows Sitrep 13 as newest, no Sitrep 14. Latest WHO DON remains DON614 (data as of 30 July). LAST_SITREP_STABLE_DATE stays 2026-08-09; bars provisional post-09-August.",2026-08-14
2026-08-13,116,4686,4802,0,2186,984,"[DRC Ministry of Public Health situation report, published by the Ministry of Communication and Media, ""#EbolaRDC | Point de situation - 12 aout 2026"", posted the morning of 14 August](https://x.com/Com_mediasRDC) (read via Chrome; this is the same official channel ECDC cites for its DRC figures): DR Congo 4,665 confirmed / 965 recovered / 2,184 deaths; 634 patients in isolation or hospitalised; case-fatality rate 46.8%; contact tracing 84.2%; 1,531 alerts recorded of which 1,388 verified; 47 new recoveries in the reporting period, 42 in Ituri and 5 in Nord-Kivu. CORROBORATED INDEPENDENTLY by [EFE via Infobae, 14 August 2026 06:17 ET](https://www.infobae.com/america/agencias/2026/08/14/la-rd-del-congo-aumenta-a-2184-la-cifra-de-muertos-y-4665-los-casos-confirmados-de-ebola/), which carries the same 4,665 / 2,184 / 965 / 634 and CFR 46.8% and states the bulletin was published ""con datos recopilados hasta el 12 de agosto"". Uganda 20 confirmed / 2 deaths / 18 recovered carried (outbreak declared over 28 July; figures final). France 1 confirmed / 0 deaths / 1 recovered carried (flat since 24 June). Global: suspected 116 (carried, 5 June WHO DON cleaned baseline), confirmed 4686 (DRC 4665 + Uganda 20 + France 1), total 4802, suspected_deaths 0 (zeroed 30 May), confirmed_deaths 2186 (DRC 2184 + Uganda 2), recovered 984 (DRC 965 + Uganda 18 + France 1). vs 12 August (116/4587/4703/0/2130/937): confirmed +99, total +99, conf_deaths +56, recovered +47; cumulative non-decreasing. The bulletin's own ""47 new recoveries"" line matches this row's recovered delta exactly, which independently confirms the 918 -> 965 chain and the seating of the 12 August row. MATERIAL - SIXTH PROVINCE: the outbreak has spread beyond the five provinces it has occupied since June. The Buta health zone in Bas-Uele joins the affected areas, taking the total to 54 health zones across SIX provinces (Bas-Uele, Haut-Uele, Ituri, Nord-Kivu, Sud-Kivu, Tshopo). Africa CDC Director-General Jean Kaseya said on Thursday 13 August that a man died in Buta, the provincial capital, after travelling from Haut-Uele, and warned ""if we do not stop this outbreak, it will last more than a year and will be the largest in the world"" ([Al Jazeera / AFP-AP-Reuters, 13 August](https://www.aljazeera.com/news/2026/8/13/dr-congo-ebola-outbreak-spreads-to-a-sixth-province)). The province count is a geographic indicator, not a surveillance column, and is not folded into any figure here. MILESTONES: global cumulative total crosses 4,800 at 4,802 and global confirmed crosses 4,600 at 4,686. DRC crude CFR 46.8% (2184/4665), global CFR 46.6% (2186/4686), both outbreak highs. NOTABLE: derived active (live) cases FALL for the first time since 3 August, 1,520 -> 1,516. The day's outflow (47 recovered + 56 deaths = 103) exceeds the inflow (+99 confirmed) by 4. Read as one day inside a running count, not a turn: the fall is four cases wide, the outflow is still dominated by deaths rather than recoveries, and the equivalent one-day fall on the 8 August row did not hold. Contact tracing 82.7% -> 84.2%, recovering the ground lost on the previous bulletin but still short of the 85% operational threshold. Isolation occupancy 570 -> 634. SCALE NOTE from EFE: at 4,665 confirmed this is now the largest Ebola outbreak in DRC history by case count, past the 2018-2020 Kivu epidemic (3,481 cases / 2,299 deaths), and the second largest on record globally after West Africa 2014-16. DRC deaths at 2,184 are now within 115 of the 2018-2020 total. RESOLVED OPEN ITEM: the suspected Israeli case flagged on the 11 August row tested NEGATIVE; the Israeli Health Ministry ruled out Ebola ([Times of Israel liveblog](https://www.timesofisrael.com/liveblog_entry/health-ministry-rules-out-suspected-case-of-ebola-in-israel/)). No column and no declarations.csv row affected. SEATING: the Ministry labels this bulletin ""12 aout 2026"" and it seats on 13 August under the tracker standing as-of-plus-one convention; EFE independently dates the data to 12 August, the TENTH independent confirmation of the 1-day lead. FLAGGED FOR WEB alongside the standing -1-day re-seat question. 14 AUGUST LEFT AS A GAP this run: the Ministry has published no bulletin labelled 13 August, @BNOFeed's newest Daily Ebola Update graphic is still the 12 August edition, and no as-of-13-August figure exists from any source. To backfill next run. Latest WHO reconciliation remains Weekly External Situation Report 13 (data as of 09 August 2026); the server-rendered [AFRO DRC publications list](https://www.afro.who.int/countries/democratic-republic-of-congo/publications) read this run shows Sitrep 13 as newest, no Sitrep 14. Latest WHO DON remains DON614 (data as of 30 July). LAST_SITREP_STABLE_DATE stays 2026-08-09; bars provisional post-09-August.",2026-08-14
2026-08-14,116,4748,4864,0,2216,995,"BACKFILL (added 2026-08-17 run, daily-row policy; no run fired on 15 or 16 August, so 14, 15 and 16 August were all un-rowed). [Xinhua, ""RDC/Ebola : l'epidemie s'etend a une sixieme province sur fond de risque de transmission prolongee"", filed Kinshasa 14 August, published 15 August 2026](https://french.news.cn/20260815/a00c1c2dfeda46a68fc7b502d182a8e9/c.html) reports the DRC Ministry of Health situation report published Friday 14 August: DR Congo 4,727 confirmed / 2,214 deaths / 976 recovered, 55 health zones across six provinces (Bas-Uele, Haut-Uele, Ituri, Nord-Kivu, Sud-Kivu, Tshopo), contact tracing 82.6%. Seats on 14 August under the tracker standing as-of-plus-one convention (bulletin data as of 13 August, published 14 August), the same convention the 13 August row used. CORROBORATED ARITHMETICALLY by BNO: the [BNO News @BNOFeed Daily Ebola Update, posted 15 August 2026](https://x.com/BNOFeed) reports global cases 4,864 (+116), which implies a prior BNO reading of 4,748 = DRC 4,727 + Uganda 20 + France 1, an exact match; the same check holds on deaths (2,274 - 58 = 2,216 = 2,214 + 2) and recovered (1,025 - 30 = 995 = 976 + 18 + 1). Uganda 20 confirmed / 2 deaths / 18 recovered carried (outbreak declared over 28 July; figures final). France 1 confirmed / 0 deaths / 1 recovered carried (flat since 24 June). Global: suspected 116 (carried), confirmed 4748 (DRC 4727 + Uganda 20 + France 1), total 4864, suspected_deaths 0 (zeroed 30 May), confirmed_deaths 2216 (DRC 2214 + Uganda 2), recovered 995 (DRC 976 + Uganda 18 + France 1). vs 13 August (116/4686/4802/0/2186/984): confirmed +62, total +62, conf_deaths +30, recovered +11; cumulative non-decreasing. NOTE: no BNO @BNOFeed Daily Ebola Update graphic was posted for 13 or 14 August (the feed runs 12 August then 15 August), which is why this row rests on the Ministry bulletin via Xinhua rather than on a BNO graphic. Derived active (live) cases 1,516 -> 1,537; the four-case fall on the 13 August row did not hold, matching the caveat logged with it. Contact tracing 84.2% -> 82.6%, back below the 85% operational threshold.",2026-08-17
2026-08-15,116,4864,4980,0,2274,1025,"BACKFILL (added 2026-08-17 run, daily-row policy; no run fired on 15 or 16 August, so 14, 15 and 16 August were all un-rowed). [BNO News @BNOFeed Daily Ebola Update, posted 15 August 2026](https://x.com/BNOFeed): global Cases 4,864 (+116), Recovered 1,025 (+30), Deaths 2,274 (+58). Post-dated 15 August and seated on 15 August per the standing BNO seating rule. Per-country split derived from BNO's own global totals against the two countries whose figures are final: DR Congo 4,843 confirmed / 2,272 deaths / 1,006 recovered (= global minus Uganda 20/2/18 and France 1/0/1). CROSS-CHECKED against [BNO News, ""DR Congo Ebola outbreak becomes 2nd deadliest on record"", published 16 August 2026](https://bnonews.com/index.php/2026/08/dr-congo-ebola-outbreak-becomes-2nd-deadliest-on-record/), which states the 16 August daily update carried +102 confirmed, +53 deaths and +34 recoveries against DRC totals of 4,945 / 2,325 / 1,040; working backwards gives DRC 4,843 / 2,272 / 1,006 on 15 August, an exact match to the BNO global figures on this row. Uganda and France carried unchanged. Global: suspected 116 (carried), confirmed 4864, total 4980, suspected_deaths 0, confirmed_deaths 2274, recovered 1025. vs 14 August (116/4748/4864/0/2216/995): confirmed +116, total +116, conf_deaths +58, recovered +30; cumulative non-decreasing. Derived active (live) cases 1,537 -> 1,565. MILESTONE: global cumulative total crosses 4,900 at 4,980.",2026-08-17
2026-08-16,116,4966,5082,0,2327,1059,"BACKFILL (added 2026-08-17 run, daily-row policy; no run fired on 15 or 16 August, so 14, 15 and 16 August were all un-rowed). [BNO News, ""DR Congo Ebola outbreak becomes 2nd deadliest on record"", published 16 August 2026](https://bnonews.com/index.php/2026/08/dr-congo-ebola-outbreak-becomes-2nd-deadliest-on-record/), figures compiled by BNO News as of Sunday 16 August: DR Congo 4,945 confirmed / 2,325 deaths / 1,040 recovered, plus 306 suspected cases under investigation; across all affected countries 4,966 cases and 2,327 deaths, including Uganda 20 cases / 2 deaths and one case in France. The day's update carried +102 confirmed, +53 deaths, +34 recoveries; death rate among confirmed cases 47%. CORROBORATED by [BBC News Africa, 17 August 2026](https://x.com/BBCAfrica), which reports 2,325 DRC deaths since the 15 May declaration and states the outbreak has surpassed the 2018-2020 Kivu death toll. Uganda 20 confirmed / 2 deaths / 18 recovered carried (final). France 1 confirmed / 0 deaths / 1 recovered carried. Global: suspected 116 (CARRIED, NOT 306 - see note), confirmed 4966 (DRC 4945 + Uganda 20 + France 1), total 5082, suspected_deaths 0, confirmed_deaths 2327 (DRC 2325 + Uganda 2), recovered 1059 (DRC 1040 + Uganda 18 + France 1). vs 15 August (116/4864/4980/0/2274/1025): confirmed +102, total +102, conf_deaths +53, recovered +34; cumulative non-decreasing. SUSPECTED COLUMN HELD: BNO's ""306 suspected cases under investigation"" is a point-in-time pending-laboratory count, not the cumulative suspected total this column carries (116, set by the 5 June WHO DON cleaned baseline). The two measures have different denominators and folding 306 into a cumulative column would create a 190-case step that no source has published as cumulative. Held pending a WHO Sitrep or DON that states cumulative suspected explicitly. MILESTONES: global cumulative total crosses 5,000 at 5,082 and global confirmed crosses 4,900 at 4,966. DRC deaths at 2,325 now EXCEED the 2,287 deaths of the 2018-2020 Kivu epidemic, making this the deadliest Ebola outbreak in DRC history on deaths as well as on cases, and the second deadliest on record globally after West Africa 2014-16 (11,310 deaths). DRC crude CFR 47.0% (2325/4945), global CFR 46.9% (2327/4966). Derived active (live) cases 1,565 -> 1,580. 17 AUGUST LEFT AS A GAP: this run fired at 00:55 EDT on 17 August and no source has published an as-of-16-or-17-August figure beyond the BNO article already seated on the 16 August row. To backfill next run. Latest WHO reconciliation remains Weekly External Situation Report 13 (data as of 09 August 2026); Sitreps publish on Tuesdays, so Sitrep 14 is expected 18 August. LAST_SITREP_STABLE_DATE stays 2026-08-09.",2026-08-17
2026-08-17,116,5042,5158,0,2380,1080,"BACKFILL (added 2026-08-18 run, daily-row policy; 17 August was left OPEN by both 17 August runs because no source had then published an as-of figure covering it). WHO AFRO [EBOLA BUNDIBUGYO VIRUS DISEASE OUTBREAK Democratic Republic of the Congo | Uganda Weekly External Situation Report 14, Data as of 16 August 2026](https://www.afro.who.int/countries/democratic-republic-of-congo/publication/ebola-bundibugyo-virus-disease-outbreak-5), published 18 August 2026. Summary table: DR Congo confirmed cases (total) 5,021, confirmed deaths (total) 2,378, probable cases and probable deaths both ""-""; Uganda 20 confirmed / 2 deaths plus 1 probable case / 1 probable death; France 1 confirmed / 0 deaths. Key Figures at a Glance (DRC): 1,061 cases recovered, 751 active cases in isolation, 6 provinces and 55 health zones affected, 5 provinces and 47 health zones with active transmission, 19,630 contacts under follow-up, 155 health-worker cases and 45 health-worker deaths. Event description: since Sitrep 13 an additional 640 confirmed cases and 367 confirmed deaths; crude CFR up from 45.9% to 47.4%. SEATED ON THE 17 AUGUST ROW under this tracker's established convention that a WHO ""as of D"" figure lands on row D+1, verified three ways this run: Sitrep 12 (as of 2 August) 3,802 + 20 + 1 = 3,823 confirmed and 1,709 deaths matches the 3 August row exactly; Sitrep 13 (as of 9 August) 4,381 + 20 + 1 = 4,402 and 2,013 matches the 10 August row exactly; DON615 (as of 12 August) 4,686 and 2,186 matches the 13 August row exactly. CORROBORATED independently by [Africa CDC, ""Three Months into the Bundibugyo Ebola Outbreak: Now is the time for Decisive Action"", 17 August 2026](https://www.globalsecurity.org/security/library/news/2026/08/sec-260817-africacdc01.htm), which states that as of 17 August the DRC had reported more than 5,000 confirmed cases and more than 2,320 deaths across six provinces. Global: suspected 116 (CARRIED, unchanged since the 5 June WHO DON cleaned baseline; the Sitrep reports probable, not suspected, and gives DRC probable as ""-""), confirmed 5042 (DRC 5021 + Uganda 20 + France 1), total 5158, suspected_deaths 0, confirmed_deaths 2380 (DRC 2378 + Uganda 2), recovered 1080 (DRC 1061 from the Sitrep Key Figures box + Uganda 18 + France 1, both final and carried). vs 16 August (116/4966/5082/0/2327/1059): confirmed +76, total +76, conf_deaths +53, recovered +21; cumulative non-decreasing. MILESTONE: DRC confirmed cases cross 5,000 at 5,021 on a WHO-reconciled figure. DRC crude CFR 47.4% (2378/5021), global CFR 47.2% (2380/5042). NO 18 AUGUST ROW: BNO @BNOFeed has published no Daily Ebola Update since the 16 August post (confirmed via credentialed x.com this run), INSP's newest is SitRep No 093/MVEBDB/15/08/2026, the CDC Situation Summary was last updated 12 August, and no DON later than 615 exists. 18 August is left as a gap rather than interpolated, per METHODOLOGY ""Backfilling missed days"".",2026-08-18
2026-08-18,116,5126,5242,0,2422,1110,"RE-SEATED AND REVISED (2026-08-21 run) to [DRC INSP SitRep N°095/MVEBDB/17/08/2026](https://insp.cd/sitrep-n095-mvebdb-17-08-2026/) ([PDF](https://insp.cd/wp-content/uploads/2026/08/95.pdf)), which prints ""Date de rapportage : 17 août 2026"" and ""Date de publication : 18 août 2026"" on its front page. DRC cumul 5,105 confirmed / 2,420 confirmed deaths / 1,091 guéris / 782 in isolation / 55 of 151 health zones / CFR 47.4%. The value previously on this row (5,229 / 2,478 / 1,134) is SitRep 096's, which belongs on the 19 August row: the 19 August run seated BNO's post-gap catch-up graphic on the graphic's embedded date, but BNO's embedded date tracks the INSP REPORTING date, not the INSP PUBLICATION date the tracker seats on. Verified against the two rows either side, both of which already follow the publication-date rule: SitRep 093 (rapportage 15/08, publication 16/08) is the 16 August row at 4,945 / 2,325 / 1,040, and SitRep 094 (rapportage 16/08, publication 17/08) is the 17 August row at 5,021 / 2,378 / 1,061. Source #1-class primary (DRC MoH / INSP) supersedes the BNO running count. Global: suspected 116 (carried, no source has restated a suspected figure since the 116 baseline), confirmed 5126 (DRC 5,105 + Uganda 20 + France 1), total 5242, suspected_deaths 0, confirmed_deaths 2422 (2,420 + Uganda 2), recovered 1110 (1,091 + Uganda 18 + France 1). INTERNAL CHECK: deltas against the 17 August row are +84 confirmed, +42 deaths, +30 recovered, which match SitRep 095's own stated 24h figures exactly (84 nouveaux cas confirmés; 29 décès communautaires + 13 décès confirmés intra-CTE = 42; 30 patients déclarés guéris). Cumulative non-decreasing across the re-seated series (5042 -> 5126 -> 5229 -> 5311).",2026-08-21
2026-08-19,116,5229,5345,0,2478,1134,"[DRC INSP SitRep N°096/MVEBDB/18/08/2026](https://insp.cd/sitrep-n096-mvebdb-18-08-2026/) ([PDF](https://insp.cd/wp-content/uploads/2026/08/96.pdf)), ""Date de rapportage : 18 août 2026"", ""Date de publication : 19 août 2026"". DRC cumul 5,208 confirmed / 2,476 confirmed deaths / 1,115 guéris / 730 in isolation / CFR 47.5%. A 56th health zone was touched, Viadana in Bas-Uélé, carrying that province's second confirmed case. Double-sourced: the [BNO News @BNOFeed situation-report graphic](https://x.com/BNOFeed/status/2090292860780199973/photo/1) carries the same DR Congo 5,208 / 1,115 / 2,476 (its embedded date reads 18 August because BNO labels on the INSP reporting date), and [Actualite.cd, 20 August](https://actualite.cd/2026/08/20/rdc-ebola-na-jamais-vu-ca-jean-kaseya-alarme-par-une-flambee-de-70-100-nouveaux-cas-par) cites the INSP report at 5,208 / 2,476 / 1,115 / 730 / 47.5%. Global: suspected 116 (carried), confirmed 5229 (DRC 5,208 + Uganda 20 + France 1), total 5345, suspected_deaths 0, confirmed_deaths 2478 (2,476 + Uganda 2), recovered 1134 (1,115 + Uganda 18 + France 1). INTERNAL CHECK: deltas +103 confirmed, +56 deaths, +24 recovered match SitRep 096's stated 24h figures exactly (103 nouveaux cas confirmés; 35 communautaires + 21 intra-CTE = 56; 24 guéris).",2026-08-21
2026-08-20,116,5311,5427,0,2518,1171,"[DRC INSP SitRep N°097/MVEBDB/19/08/2026](https://insp.cd/wp-content/uploads/2026/08/97.pdf), ""Date de rapportage : 19 août 2026"", ""Date de publication : 20 août 2026"". DRC cumul 5,290 confirmed / 2,516 confirmed deaths / 1,152 guéris / 837 in isolation / 56 of 151 health zones / CFR 47.6%. Global: suspected 116 (carried), confirmed 5311 (DRC 5,290 + Uganda 20 + France 1), total 5427, suspected_deaths 0, confirmed_deaths 2518 (2,516 + Uganda 2), recovered 1171 (1,152 + Uganda 18 + France 1). INTERNAL CHECK: deltas are +82 confirmed, +40 deaths, +37 recovered against SitRep 097's stated 24h figures of 81 nouveaux cas confirmés, 23 communautaires + 17 intra-CTE = 40 décès, 37 guéris. The one-case gap on confirmed is the Tshopo harmonisation the SitRep flags in its own footnote (Tshopo cumul raised from 14 to 15, +1 cas rétrospectif), so 81 new + 1 retrospective = 82. No BNO graphic exists for 19 or 20 August; this row rests on the INSP primary alone. SitRep 098 (rapportage 20/08) had not published at run time, so 21 August is left as a gap.",2026-08-21
2026-08-21,116,5396,5512,0,2559,1186,"[DRC INSP SitRep N°098/MVEBDB/20/08/2026](https://insp.cd/sitrep-n098-mvebdb-20-08-2026/) ([PDF](https://insp.cd/wp-content/uploads/2026/08/SitRep_MVEBDB_098_20_08_2026_VF_98.pdf)), ""Date de rapportage : 20 août 2026"", ""Date de publication : 21 août 2026"". DRC cumul 5,375 confirmed / 2,557 confirmed deaths / 1,167 guéris / 737 in isolation / 56 of 151 health zones / CFR 47.6%. Global: suspected 116 (carried), confirmed 5396 (DRC 5,375 + Uganda 20 + France 1), total 5512, suspected_deaths 0, confirmed_deaths 2559 (2,557 + Uganda 2), recovered 1186 (1,167 + Uganda 18 + France 1). INTERNAL CHECK: deltas against the 20 August row are +85 confirmed, +41 deaths, +15 recovered, matching SitRep 098’s stated 24h figures exactly — 85 nouveaux cas confirmés, 18 décès communautaires + 23 intra-CTE = 41, 15 patients déclarés guéris. No new health zone. No BNO graphic exists for 20 or 21 August (@BNOFeed’s newest post is still the 20 August one carrying the graphic embedded-dated 18 August), so this row rests on the INSP primary alone. SitRep 099 (rapportage 21/08) had not published at run time, so 22 August is left as a gap.",2026-08-22
2026-08-22,116,5479,5595,0,2608,1201,"[DRC INSP SitRep N°099/MVEBDB/21/08/2026](https://insp.cd/sitrep-n099-mvebdb-21-08-2026/) ([PDF](https://insp.cd/wp-content/uploads/2026/08/99.pdf)), ""Date de rapportage : 21 août 2026"", ""Date de publication : 22 août 2026"". DRC cumul 5,458 confirmed / 2,606 confirmed deaths / 1,182 guéris / 798 in isolation / 57 of 151 health zones / CFR 47.7%. A 57th health zone was touched, Mutwanga in Nord-Kivu, carrying that zone's first confirmed case. Global: suspected 116 (carried), confirmed 5479 (DRC 5,458 + Uganda 20 + France 1), total 5595, suspected_deaths 0, confirmed_deaths 2608 (2,606 + Uganda 2), recovered 1201 (1,182 + Uganda 18 + France 1). INTERNAL CHECK: deltas against the 21 August row are +83 confirmed, +49 deaths, +15 recovered, matching SitRep 099's stated 24h figures exactly — 83 nouveaux cas confirmés (Ituri 62, Nord-Kivu 18, Haut-Uélé 3), 27 décès communautaires + 22 intra-CTE = 49, 15 patients déclarés guéris. BACKFILL (added 2026-08-23 run, daily-row policy): SitRep 099 published on 22 August but was not posted to insp.cd until 23 August, so the 22 August run could not seat it and left the date as a gap. BNO @BNOFeed has published no Daily Ebola Update since 16 August (confirmed via credentialed x.com this run), so this row rests on the INSP primary alone; ECDC's page was last updated 21 August and still carries SitRep 097. MILESTONES: DRC cumulative confirmed deaths cross 2,600 at 2,606; global cumulative total crosses 5,500 at 5,595. Derived active (live) cases 1,651 -> 1,670. Contact tracing 84.7%, still below the 85% operational threshold.",2026-08-23
2026-08-23,116,5535,5651,0,2644,1219,"[DRC INSP SitRep N°0100/MVEBDB/22/08/2026](https://insp.cd/sitrep-n0100-mvebdb-22-08-2026/) ([PDF](https://insp.cd/wp-content/uploads/2026/08/100.pdf)), ""Date de rapportage : 22 août 2026"", ""Date de publication : 23 août 2026"". DRC cumul 5,514 confirmed / 2,642 confirmed deaths / 1,200 guéris / 808 in isolation / 57 of 151 health zones / CFR 47.9%. No new health zone. Global: suspected 116 (carried), confirmed 5535 (DRC 5,514 + Uganda 20 + France 1), total 5651, suspected_deaths 0, confirmed_deaths 2644 (2,642 + Uganda 2), recovered 1219 (1,200 + Uganda 18 + France 1). INTERNAL CHECK: deltas against the 22 August row are +56 confirmed, +36 deaths, +18 recovered. The confirmed delta runs one above SitRep 100's 55 nouveaux cas confirmés (Ituri 35, Nord-Kivu 16, Haut-Uélé 4) because the SitRep footnotes a Haut-Uélé data reconciliation adding one retrospective confirmed case to that province's cumul (""Un cas confirmé supplémentaire a été intégré au cumul du Haut-Uélé à la suite d'une correction/réconciliation des données""), not counted among the 55; 55 + 1 = 56. Deaths match exactly (23 décès communautaires + 13 intra-CTE = 36) and recovered match exactly (18 patients déclarés guéris). No BNO graphic exists for 21, 22 or 23 August, so this row rests on the INSP primary alone. MILESTONES: DRC cumulative confirmed crosses 5,500 at 5,514; global cumulative total crosses 5,600 at 5,651. Derived active (live) cases 1,670 -> 1,672. Daily new confirmed cases fall to 55 from 83, 85 and 82 on the three preceding reporting days, the lowest single-day figure since 3 August, when it was 54; one day is not a trend and contact tracing slipped to 83.4%. Latest WHO reconciliation remains Weekly External Situation Report 14 (data as of 16 August 2026); no Sitrep 15 had published at run time. LAST_SITREP_STABLE_DATE stays 2026-08-16.",2026-08-23
2026-08-24,116,5605,5721,0,2682,1234,"BACKFILL (added 2026-08-25 run, daily-row policy; 24 August was left as a gap by both earlier 25 August runs because INSP had not yet posted SitRep 101). [DRC INSP SitRep N°101/MVEBDB/23/08/2026](https://insp.cd/sitrep-n101-mvebdb-23-08-2026/) ([PDF](https://insp.cd/wp-content/uploads/2026/08/SitRep_MVEBDB_101_23_08_2026.pdf)), ""Date de rapportage : 23 août 2026"", ""Date de publication : 24 août 2026"". DRC cumul 5,584 confirmed / 2,680 confirmed deaths / 1,215 guéris / 846 in isolation or CTE / 57 of 151 health zones (246 of 3,104 aires de santé) / CFR 48.0% / contact follow-up 83.4%. No new health zone in the last 24 hours. Global: suspected 116 (carried), confirmed 5605 (DRC 5,584 + Uganda 20 + France 1), total 5721, suspected_deaths 0, confirmed_deaths 2682 (2,680 + Uganda 2), recovered 1234 (1,215 + Uganda 18 + France 1). INTERNAL CHECK: deltas against the 23 August row are +70 confirmed, +38 deaths, +15 recovered, matching SitRep 101’s stated 24h figures exactly — 70 nouveaux cas confirmés (Ituri 48, Nord-Kivu 14, Haut-Uélé 8), 16 décès communautaires + 22 décès confirmés intra-CTE = 38, 15 patients déclarés guéris (13 en Ituri, 2 au Haut-Uélé). No retrospective or reconciliation adjustment this report. The 23 August row this one is measured against is independently corroborated by [ECDC](https://www.ecdc.europa.eu/en/ebola-outbreak-democratic-republic-congo-and-uganda), which carries DRC 5,514 confirmed / 2,642 deaths reported on 23 August from data up to 22 August, with 808 in isolation. Uganda 20 confirmed / 2 deaths / 18 recovered carried (outbreak declared over 28 July; figures final). France 1 confirmed / 0 deaths / 1 recovered carried (flat since 24 June). MILESTONES: global cumulative total crosses 5,700 at 5,721; DRC crude CFR reaches 48.0% (2,680/5,584), the first time the outbreak has printed 48 percent, and global CFR 47.8% (2,682/5,605). Derived active (live) cases 1,672 -> 1,689. Daily new confirmed 70, against 56 on the 23 August row and 83, 85, 82 on the three before it; contact follow-up 83.4%, still short of the 85% operational threshold and well short of the 95% target WHO named in its 100-days statement. Sud-Kivu records 74 days with no new confirmed case, its last dating to 10 June 2026. The SitRep also logs MVE vaccination training in Tshopo (provincial trainers and ECZS) and Bas-Uélé (18 actors briefed by the national EPI ahead of vaccinating higher-risk people); operational activity only, no vaccine coverage figure published and no column here affected. No BNO graphic exists for 21 through 24 August (@BNOFeed’s newest Daily Ebola Update is still the 20 August post), so this row rests on the INSP primary alone. 25 AUGUST LEFT AS A GAP: SitRep 102 (rapportage 24 août) had not published at run time and no other source carries an as-of-24-August figure. To backfill next run. Latest WHO reconciliation remains Weekly External Situation Report 14 (data as of 16 August 2026); no Sitrep 15 had published at run time. LAST_SITREP_STABLE_DATE stays 2026-08-16.",2026-08-25
2026-08-25,116,5677,5793,0,2717,1264,"BACKFILL (added 2026-08-27 run, daily-row policy; the 26 August run did not fire, so 25 and 26 August were both un-rowed). [DRC INSP SitRep N°102/MVEBDB/24/08/2026](https://insp.cd/sitrep-n102-mvebdb-24-08-2026/) ([PDF](https://insp.cd/wp-content/uploads/2026/08/SitRep_MVEBDB_102_24_08_2026.pdf)), ""Date de rapportage : 24 août 2026"", ""Date de publication : 25 août 2026"". DRC cumul 5,656 confirmed / 2,715 confirmed deaths / 1,245 guéris / 792 in isolation or CTE / 58 of 151 health zones (246 of 3,104 aires de santé) / CFR 48.0% / contact follow-up 80.9%. Global: suspected 116 (carried, unchanged since the 5 June WHO DON cleaned baseline), confirmed 5677 (DRC 5,656 + Uganda 20 + France 1), total 5793, suspected_deaths 0 (zeroed 30 May), confirmed_deaths 2717 (2,715 + Uganda 2), recovered 1264 (1,245 + Uganda 18 + France 1). Uganda 20 confirmed / 2 deaths / 18 recovered carried (outbreak declared over 28 July; figures final). France 1 confirmed / 0 deaths / 1 recovered carried (flat since 24 June). INTERNAL CHECK: deltas against the 24 August row are +72 confirmed, +35 deaths, +30 recovered, matching SitRep 102’s stated 24h figures exactly — 72 nouveaux cas confirmés (Ituri 61, Nord-Kivu 7, Haut-Uélé 3, Bas-Uélé 1), 18 décès communautaires + 17 décès confirmés intra-CTE = 35, 30 patients déclarés guéris (23 en Ituri, 4 au Nord-Kivu, 3 au Haut-Uélé). No retrospective or reconciliation adjustment this report. GEOGRAPHIC EXPANSION: a 58th health zone was touched, Ganga in Bas-Uélé, carrying that province’s third confirmed case; Bas-Uélé now has 3 of its 11 health zones affected less than two weeks after its first case. MILESTONE: DRC cumulative confirmed deaths cross 2,700 at 2,715. DRC crude CFR 48.0% (2,715/5,656), global CFR 47.9% (2,717/5,677). Derived active (live) cases 1,689 -> 1,696. Contact follow-up falls to 80.9% from 83.4%, the weakest reading since the tracker began recording it, dragged down by Haut-Uélé 64.3% and Bas-Uélé 56.8% while Ituri holds 87.2%; Nord-Kivu 73.3%. Ituri concentrates 83.4% of cumulative confirmed cases and 84.7% of the day’s new ones. No BNO graphic exists for 21 through 25 August (@BNOFeed’s newest Daily Ebola Update is still the 20 August post), so this row rests on the INSP primary alone. The 24 August row it is measured against is independently corroborated by [WHO AFRO Weekly External Situation Report 15, data as of 23 August 2026](https://www.afro.who.int/countries/democratic-republic-congo/publication/ebola-bundibugyo-virus-disease-outbreak-democratic), which gives DRC 5,584 confirmed / 2,680 deaths as of 23 August, an exact match.",2026-08-27
2026-08-26,116,5734,5850,0,2746,1288,"BACKFILL (added 2026-08-27 run, daily-row policy; the 26 August run did not fire, so 25 and 26 August were both un-rowed). [DRC INSP SitRep N°103/MVEBDB/25/08/2026](https://insp.cd/sitrep-n103-mvebdb-25-08-2026/) ([PDF](https://insp.cd/wp-content/uploads/2026/08/SitRep_MVEBDB_103_25_08_2026.pdf)), ""Date de rapportage : 25 août 2026"", ""Date de publication : 26 août 2026"". DRC cumul 5,713 confirmed / 2,744 confirmed deaths / 1,269 guéris / 770 in isolation or CTE / 58 of 151 health zones / CFR 48.0% / contact follow-up 84.6%. No new health zone in the last 24 hours. Global: suspected 116 (carried), confirmed 5734 (DRC 5,713 + Uganda 20 + France 1), total 5850, suspected_deaths 0, confirmed_deaths 2746 (2,744 + Uganda 2), recovered 1288 (1,269 + Uganda 18 + France 1). Uganda and France carried unchanged. INTERNAL CHECK: deltas against the 25 August row are +57 confirmed, +29 deaths, +24 recovered, matching SitRep 103’s stated 24h figures exactly — 57 nouveaux cas confirmés (Ituri 34, Nord-Kivu 18, Haut-Uélé 5), 11 décès communautaires + 18 décès confirmés intra-CTE = 29, 24 patients déclarés guéris (20 en Ituri, 3 au Nord-Kivu, 1 au Haut-Uélé). SOURCE DEFECT NOTED, NOT ACTED ON: SitRep 103’s MESSAGES CLES box still reads ""portant le cumul national à 5 656 cas confirmés et 2 715 décès"", which is SitRep 102’s cumulative pair carried over verbatim. Every other statement of the cumulative in the same document — the front-page CUMUL DES CAS / CUMUL DES DÉCÈS CONFIRMÉS boxes, the résumé paragraph, the per-province summary table and the per-health-zone table total — reads 5,713 / 2,744, and 5,713 / 2,744 is what reconciles with the stated 24h deltas. Read as a copy-paste error in the key-messages box and the document’s own consistent figure taken. MILESTONES: DRC cumulative confirmed crosses 5,700 at 5,713; global confirmed crosses 5,700 at 5,734 and global cumulative total crosses 5,800 at 5,850. DRC crude CFR 48.0% (2,744/5,713), global CFR 47.9% (2,746/5,734). Derived active (live) cases 1,696 -> 1,700. NOTABLE: daily new confirmed falls to 57 from 70 and 72 on the two preceding reporting days, and Ituri’s share of the day’s new cases drops sharply to 59.6% from 84.7% while Nord-Kivu takes 18 of 57; one day is not a trend and the shift may be reporting rather than transmission. Contact follow-up recovers to 84.6% from 80.9%, still just below the 85% operational threshold, and Haut-Uélé did not report contact data at all this reporting period. Nord-Kivu suspect-bed capacity is again exceeded (163 patients for 142 beds). Sud-Kivu remains without a confirmed case since 10 June 2026. No BNO graphic exists for 21 through 26 August, so this row rests on the INSP primary alone. 27 AUGUST LEFT AS A GAP: SitRep 104 (rapportage 26 août) had not posted to insp.cd at run time and no other source carries an as-of-26-August figure. To backfill next run. Latest WHO reconciliation is now [WHO AFRO Weekly External Situation Report 15, data as of 23 August 2026](https://www.afro.who.int/countries/democratic-republic-congo/publication/ebola-bundibugyo-virus-disease-outbreak-democratic); LAST_SITREP_STABLE_DATE advanced to 2026-08-23 this run.",2026-08-27
2026-08-27,116,5815,5931,0,2788,1312,"BACKFILL (added 2026-08-29 run, daily-row policy; the 27 and 28 August runs did not seat rows because INSP had not yet posted SitReps 104 and 105). [DRC INSP SitRep N°104/MVEBDB/26/08/2026](https://insp.cd/sitrep-n104-mvebdb-26-08-2026/) ([PDF](https://insp.cd/wp-content/uploads/2026/08/SitRep_MVEBDB_104_26_08_2026.pdf)), ""Date de rapportage : 26 août 2026"", ""Date de publication : 27 août 2026"". DRC cumul 5,794 confirmed / 2,786 confirmed deaths / 1,293 guéris / 843 in isolation or CTE / 60 of 151 health zones (246 of 3,104 aires de santé) / CFR 48.1% / contact follow-up 82.3%. Global: suspected 116 (carried, unchanged since the 5 June WHO DON cleaned baseline), confirmed 5815 (DRC 5,794 + Uganda 20 + France 1), total 5931, suspected_deaths 0 (zeroed 30 May), confirmed_deaths 2788 (2,786 + Uganda 2), recovered 1312 (1,293 + Uganda 18 + France 1). INTERNAL CHECK: deltas against the 26 August row are +81 confirmed, +42 deaths, +24 recovered, matching SitRep 104's stated 24h figures exactly — 81 nouveaux cas confirmés (Ituri 52, Nord-Kivu 22, Haut-Uélé 5, Tshopo 2), 35 décès communautaires + 7 décès confirmés intra-CTE = 42, 24 patients déclarés guéris (12 en Ituri, 11 au Haut-Uélé, 1 au Nord-Kivu). No retrospective or reconciliation adjustment this report. GEOGRAPHIC EXPANSION: two new health zones touched in a single day, both in Nord-Kivu — Biena and Manguredjipa — taking the national count from 58 to 60 of 151. This is the largest single-day zone expansion since the tracker began recording it. EXTERNAL CORROBORATION: [ECDC](https://www.ecdc.europa.eu/en/ebola-outbreak-democratic-republic-congo-and-uganda) (page last updated 28 August 14:40) independently reads SitRep 104 as DRC 5,794 confirmed / 2,786 deaths, 843 hospitalised in isolation, +81 cases and +42 deaths on the day, 82.3% of contacts under follow-up and 60 of 151 health zones affected — an exact match on every figure. MILESTONES: global confirmed crosses 5,800 at 5,815; global cumulative total crosses 5,900 at 5,931. DRC crude CFR 48.1% (2,786/5,794), global CFR 47.9% (2,788/5,815). Derived active (live) cases 1,700 -> 1,715. Contact follow-up 82.3%, back below the 85% operational threshold, with Haut-Uélé at 61.0% and Bas-Uélé at 56.2% while Ituri holds 85.6%; five Haut-Uélé control points did not report at all because of a strike over unpaid staff. Also on 27 August the DRC Minister of Public Health launched ERVEBO front-line-worker vaccination in Kisangani, targeting Tshopo, Bas-Uélé and Haut-Uélé (operational activity only; no coverage figure published and no column here affected). No BNO graphic exists for 21 through 27 August (@BNOFeed's newest Daily Ebola Update is still the 20 August post), so the primary citation rests on INSP.",2026-08-29
2026-08-28,116,5884,6000,0,2826,1337,"BACKFILL (added 2026-08-29 run, daily-row policy). [DRC INSP SitRep N°105/MVEBDB/27/08/2026](https://insp.cd/sitrep-n105-mvebdb-27-08-2026/) ([PDF](https://insp.cd/wp-content/uploads/2026/08/SitRep_MVEBDB_105_27_08_2026.pdf)), ""Date de rapportage : 27 août 2026"", ""Date de publication : 28 août 2026"". DRC cumul 5,863 confirmed / 2,824 confirmed deaths / 1,318 guéris / 795 in isolation or CTE / 60 of 151 health zones / CFR 48.2% / contact follow-up 87.3%. No new health zone in the last 24 hours. Global: suspected 116 (carried), confirmed 5884 (DRC 5,863 + Uganda 20 + France 1), total 6000, suspected_deaths 0, confirmed_deaths 2826 (2,824 + Uganda 2), recovered 1337 (1,318 + Uganda 18 + France 1). INTERNAL CHECK: deltas against the 27 August row are +69 confirmed, +38 deaths, +25 recovered, matching SitRep 105's stated 24h figures exactly — 69 nouveaux cas confirmés (Ituri 43, Nord-Kivu 13, Haut-Uélé 11, Tshopo 2), 23 décès communautaires + 15 décès confirmés intra-CTE = 38, 25 patients déclarés guéris (22 en Ituri, 2 au Haut-Uélé, 1 au Nord-Kivu). No retrospective or reconciliation adjustment this report. MILESTONES: global cumulative total reaches exactly 6,000; DRC cumulative confirmed crosses 5,800 at 5,863 and DRC cumulative confirmed deaths cross 2,800 at 2,824; global confirmed deaths cross 2,800 at 2,826. DRC crude CFR 48.2% (2,824/5,863), global CFR 48.0% (2,826/5,884). Derived active (live) cases 1,715 -> 1,721. NOTABLE: contact follow-up recovers to 87.3%, the first reading above the 85% operational threshold since the tracker started logging it daily, with Ituri at 89.9%; Bas-Uélé remains the outlier at 60.4%. Haut-Uélé records 11 new confirmed cases against 11 samples analysed, a 100% laboratory positivity rate, which is a testing-capacity signal rather than a transmission measure. Nord-Kivu bed occupancy 105.5%. No BNO graphic exists for 21 through 28 August, so this row rests on the INSP primary alone. Latest WHO reconciliation remains Weekly External Situation Report 15 (data as of 23 August 2026); no Sitrep 16 had published at run time.",2026-08-29
2026-08-29,116,5966,6082,0,2864,1346,"[DRC INSP SitRep N°106/MVEBDB/28/08/2026](https://insp.cd/sitrep-n106-mvebdb-28-08-2026/) ([PDF](https://insp.cd/wp-content/uploads/2026/08/SitRep_MVEBDB_106_28_08_2026.pdf)), ""Date de rapportage : 28 août 2026"", ""Date de publication : 29 août 2026"". DRC cumul 5,945 confirmed / 2,862 confirmed deaths / 1,327 guéris / 896 in isolation or CTE / 60 of 151 health zones / CFR 48.1% / contact follow-up 84.4%. No new health zone in the last 24 hours. Global: suspected 116 (carried), confirmed 5966 (DRC 5,945 + Uganda 20 + France 1), total 6082, suspected_deaths 0, confirmed_deaths 2864 (2,862 + Uganda 2), recovered 1346 (1,327 + Uganda 18 + France 1). INTERNAL CHECK: deltas against the 28 August row are +82 confirmed, +38 deaths, +9 recovered, matching SitRep 106's stated 24h figures exactly — 82 nouveaux cas confirmés (Ituri 66, Nord-Kivu 12, Haut-Uélé 4), 24 décès communautaires + 14 décès confirmés intra-CTE = 38, 9 patients déclarés guéris (8 en Ituri, 1 au Nord-Kivu). No retrospective or reconciliation adjustment this report. MILESTONES: DRC cumulative confirmed crosses 5,900 at 5,945; global confirmed crosses 5,900 at 5,966; global cumulative total crosses 6,000 at 6,082. DRC crude CFR 48.1% (2,862/5,945), global CFR 48.0% (2,864/5,966). Derived active (live) cases 1,721 -> 1,756. NOTABLE: 9 discharges is the lowest single-day recovery figure since the tracker began carrying the column daily, against 24, 30, 15, 18 and 25 on recent reporting days, while new confirmed cases run at 82. The active-case pool therefore rises 35 in one day, its largest single-day increase this month. Bas-Uélé records its second confirmed death (Ganga), taking that province to 3 cases / 2 deaths and a 66.7% CFR on very small numbers. Ituri takes 80.5% of the day's new cases and 82.6% of the cumulative. Contact follow-up falls back to 84.4% from 87.3%, just under the 85% threshold, with Haut-Uélé 78.6% and Bas-Uélé 60.9%. Nord-Kivu bed occupancy 107.3%, exceeded again. Sud-Kivu records 79 days with no new confirmed case, its last dating to 10 June 2026. No BNO graphic exists for 21 through 29 August; the @BNOFeed timeline's newest Daily Ebola Update is still the 20 August post (5,229 / 1,134 / 2,478), confirmed via credentialed x.com this run, so this row rests on the INSP primary alone. Latest WHO reconciliation remains Weekly External Situation Report 15 (data as of 23 August 2026); no Sitrep 16 had published at run time. LAST_SITREP_STABLE_DATE stays 2026-08-23.",2026-08-29
2026-08-30,116,6062,6178,0,2913,1385,"BACKFILL (added 2026-08-31 run, daily-row policy; the 30 August run fired but INSP had not yet posted SitRep 107, which went up on 31 August alongside SitRep 108). [DRC INSP SitRep N°107/MVEBDB/29/08/2026](https://insp.cd/sitrep-n107-mvebdb-29-08-2026/) ([PDF](https://insp.cd/wp-content/uploads/2026/08/SitRep_MVEBDB_107_29_08_2026.pdf)), ""Date de rapportage : 29 août 2026"", ""Date de publication : 30 août 2026"". DRC cumul 6,041 confirmed / 2,911 confirmed deaths / 1,366 guéris / 619 in isolation or CTE / 60 of 151 health zones (246 of 3,104 aires de santé) / CFR 48.2% / contact follow-up 82.4%. No new health zone in the last 24 hours. Global: suspected 116 (carried, unchanged since the 5 June WHO DON cleaned baseline), confirmed 6062 (DRC 6,041 + Uganda 20 + France 1), total 6178, suspected_deaths 0 (zeroed 30 May), confirmed_deaths 2913 (2,911 + Uganda 2), recovered 1385 (1,366 + Uganda 18 + France 1). Uganda 20 confirmed / 2 deaths / 18 recovered carried (WHO and Africa CDC declared that outbreak over 27 August; figures final). France 1 confirmed / 0 deaths / 1 recovered carried (flat since 24 June). INTERNAL CHECK: deltas against the 29 August row are +96 confirmed, +49 deaths, +39 recovered, matching SitRep 107's stated 24h figures exactly — 96 nouveaux cas confirmés (Ituri 61, Nord-Kivu 28, Haut-Uélé 7), 41 décès communautaires + 8 décès confirmés intra-CTE = 49, 39 patients déclarés guéris (34 en Ituri, 5 au Haut-Uélé). No retrospective or reconciliation adjustment this report. MILESTONES: DRC cumulative confirmed crosses 6,000 at 6,041 and global confirmed crosses 6,000 at 6,062; DRC cumulative confirmed deaths cross 2,900 at 2,911 and global confirmed deaths cross 2,900 at 2,913; global cumulative total crosses 6,100 at 6,178. DRC crude CFR 48.2% (2,911/6,041), global CFR 48.1% (2,913/6,062). Derived active (live) cases 1,756 -> 1,764. NOTABLE: 96 new confirmed is the highest single-day figure since 20 August (103) and runs well above the 57-to-82 band of the preceding week. 41 of the day's 49 deaths were community deaths, 83.7%, the highest community share the tracker has recorded, against roughly 40 to 65% on recent reporting days; a death outside a treatment centre is a case the surveillance system never reached, so the ratio reads as a case-finding signal and not only a mortality one. Nord-Kivu takes 28 of the 96 new cases (29.2%), its largest single-day share this month, and Ituri's share of new cases falls to 63.5% against 82.3% of the cumulative. Contact follow-up 82.4%, back below the 85% operational threshold, with Tshopo collapsing to 44.0% (200 of 455) and Haut-Uélé at 57.4%. Patients in isolation or CTE fall to 619 from 896. No BNO graphic exists for 21 through 30 August (@BNOFeed's newest Daily Ebola Update is still the 20 August post, 5,229 / 1,134 / 2,478, confirmed via credentialed x.com this run), so this row rests on the INSP primary alone.",2026-08-31
2026-08-31,116,6121,6237,0,2952,1402,"[DRC INSP SitRep N°108/MVEBDB/30/08/2026](https://insp.cd/sitrep-n108-mvebdb-30-08-2026/) ([PDF](https://insp.cd/wp-content/uploads/2026/08/SitRep_MVEBDB_108_30_08_2026.pdf)), ""Date de rapportage : 30 août 2026"", ""Date de publication : 31 août 2026"". DRC cumul 6,100 confirmed / 2,950 confirmed deaths / 1,383 guéris / 814 in isolation or CTE / 60 of 151 health zones (246 of 3,104 aires de santé) / CFR 48.4% / contact follow-up 86.3%. No new health zone in the last 24 hours. Global: suspected 116 (carried), confirmed 6121 (DRC 6,100 + Uganda 20 + France 1), total 6237, suspected_deaths 0, confirmed_deaths 2952 (2,950 + Uganda 2), recovered 1402 (1,383 + Uganda 18 + France 1). Uganda and France carried unchanged. INTERNAL CHECK: deltas against the 30 August row are +59 confirmed, +39 deaths, +17 recovered, matching SitRep 108's stated 24h figures exactly — 59 nouveaux cas confirmés (Ituri 44, Nord-Kivu 8, Haut-Uélé 6, Bas-Uélé 1), 19 décès communautaires + 20 décès confirmés intra-CTE = 39, 17 patients déclarés guéris (13 en Ituri, 3 au Nord-Kivu, 1 à la Tshopo). No retrospective or reconciliation adjustment this report. MILESTONES: DRC cumulative confirmed reaches exactly 6,100 and DRC cumulative confirmed deaths reach exactly 2,950; global confirmed crosses 6,100 at 6,121 and global cumulative total crosses 6,200 at 6,237. DRC crude CFR 48.4% (2,950/6,100) is the highest this outbreak has printed; global CFR 48.2% (2,952/6,121). Derived active (live) cases 1,764 -> 1,767. NOTABLE: new confirmed falls to 59 from 96 and the community-death share falls to 48.7% (19 of 39) from 83.7% the day before, while contact follow-up recovers to 86.3% and Tshopo goes from 44.0% (200/455) to 100% (455/455) in a single day. A swing that size in one reporting cycle is a reporting artefact as much as an epidemiological one, so the 30 and 31 August rows should be read as a pair rather than as a fall in transmission. Bas-Uélé takes its fourth confirmed case and third death (Ganga), a 75.0% CFR on very small numbers, and Tshopo records its ninth death on zero new cases. Nord-Kivu bed occupancy reaches 128.2% (282 patients for 220 beds), the most oversubscribed reading of the outbreak, while Ituri sits at 53.6%. Ituri holds 82.2% of the cumulative and took 74.6% of the day's new cases. Laboratory positivity runs 14.1% in Ituri, 4.0% in Nord-Kivu and 35.2% in Haut-Uélé. No BNO graphic exists for 21 through 31 August, so this row rests on the INSP primary alone. Latest WHO reconciliation remains Weekly External Situation Report 15 (data as of 23 August 2026); no Sitrep 16 had published at run time and the AFRO outbreak page returned HTTP 502 throughout the run. LAST_SITREP_STABLE_DATE stays 2026-08-23.",2026-08-31
2026-09-01,116,6207,6323,0,3009,1428,"[DRC INSP SitRep N°109/MVEBDB/31/08/2026](https://insp.cd/sitrep-n109-mvebdb-31-08-2026/) ([PDF](https://insp.cd/wp-content/uploads/2026/09/SitRep_MVEBDB_109_31_08_2026.pdf)), ""Date de rapportage : 31 août 2026"", ""Date de publication : 01 septembre 2026"". The SitRep did not post to insp.cd until 2 September, a day after its stated publication date, so this run (started 21:51 EDT on 1 September and finished after local midnight) is the first that could seat it; the row is appended at the bottom in correct chronological order, not inserted mid-history. DRC cumul 6,186 confirmed / 3,007 confirmed deaths / 1,409 guéris / 830 in isolation or CTE / 60 of 151 health zones / CFR 48.6% / contact follow-up 88.0%. No new health zone in the last 24 hours. Global: suspected 116 (carried), confirmed 6207 (DRC 6,186 + Uganda 20 + France 1), total 6323, suspected_deaths 0, confirmed_deaths 3009 (3,007 + Uganda 2), recovered 1428 (1,409 + Uganda 18 + France 1). Uganda and France carried unchanged. INTERNAL CHECK: deltas against the 31 August row are +86 confirmed, +57 deaths, +26 recovered, matching SitRep 109's stated 24h figures exactly — 86 nouveaux cas confirmés (Ituri 49, Nord-Kivu 32, Haut-Uélé 5), 43 décès communautaires + 14 décès intra-CTE = 57, 26 patients déclarés guéris (16 en Ituri, 6 au Nord-Kivu, 4 au Haut-Uélé). No retrospective or reconciliation adjustment this report. MILESTONES: DRC cumulative confirmed deaths cross 3,000 at 3,007 and global confirmed deaths cross 3,000 at 3,009; global confirmed crosses 6,200 at 6,207 and global cumulative total crosses 6,300 at 6,323. DRC crude CFR 48.6% (3,007/6,186) is the highest this outbreak has printed; global CFR 48.5% (3,009/6,207). Derived active (live) cases 1,767 -> 1,770. NOTABLE: 57 deaths in a single reporting day is the highest since 15 August (58) and sits well above the 29-to-49 band of the preceding fortnight; 43 of the 57 were community deaths (75.4%), back near the 83.7% of the 30 August row after 48.7% on the 31 August row. Contact follow-up 88.0% is the highest reading the tracker has recorded and the second consecutive day above the 85% operational threshold. Nord-Kivu takes 32 of the 86 new cases (37.2%), its largest single-day share of the outbreak, while Ituri takes 57.0% of the day's new cases against 81.9% of the cumulative — INSP's own framing. WHO RECONCILIATION: [WHO AFRO Weekly External Situation Report 16, data as of 30 August 2026](https://www.afro.who.int/countries/uganda/publication/ebola-bundibugyo-virus-disease-outbreak-democratic-republic-congo-uganda-weekly-external-situation) published 30 August and gives DRC 6,100 confirmed / 2,950 deaths (CFR 48.4%) / 1,383 recovered / 814 active cases in isolation / 60 of 151 health zones affected as of 30 August, an exact match on every figure with the 31 August row. No revision required. LAST_SITREP_STABLE_DATE advanced to 2026-08-30 this run. No BNO graphic exists for 21 August through 1 September; @BNOFeed's newest Daily Ebola Update is still the 20 August post (5,229 / 1,134 / 2,478), confirmed via credentialed x.com this run, so this row rests on the INSP primary alone.",2026-09-02
